"Crude oil production, per capita (toe)",1965,1966,1967,1968,1969,1970,1971,1972,1973,1974,1975,1976,1977,1978,1979,1980,1981,1982,1983,1984,1985,1986,1987,1988,1989,1990,1991,1992,1993,1994,1995,1996,1997,1998,1999,2000,2001,2002,2003,2004,2005,2006,2007,2008,2009,2010,2011
Abkhazia,,,,,,,,,,,,,,,,,,,,,,,,,,,,,,,,,,,,,,,,,,,,,,,
Afghanistan,,,,,,,,,,,,,,,,,,,,,,,,,,,,,,,,,,,,,,,,,,,,,,,
Akrotiri and Dhekelia,,,,,,,,,,,,,,,,,,,,,,,,,,,,,,,,,,,,,,,,,,,,,,,
Albania,,,,,,,,,,,,,,,,,,,,,,,,,,,,,,,,,,,,,,,,,,,,,,,
Algeria,2.22100105325823,2.76961628238704,3.1080214010928,3.31421157468154,3.35739375562546,3.50700939933516,2.6188967032002,3.43121498830977,3.38072985312414,3.05041111141959,2.85637676404863,3.0606067515889,3.16693980599725,3.27590350754359,3.16113818112229,2.75102081478166,2.40865040329593,2.33120126307945,2.20905046037457,2.30820876337361,2.26248193412904,2.27639593731271,2.24967700879587,2.22876936890616,2.21565503626141,2.2718916366545,2.22440240395888,2.1323166692453,2.08576379532897,2.03156013425925,2.00045306748567,2.06142699506424,2.06292689610958,2.08194503859209,2.12399012459214,2.18731179684748,2.12221760523635,2.2547656868006,2.47560104886145,2.57904914821709,2.62820755092464,2.58152008714435,2.5505944933148,2.48693234263717,2.22736874511707,2.12869891876553,2.06534360338081
American Samoa,,,,,,,,,,,,,,,,,,,,,,,,,,,,,,,,,,,,,,,,,,,,,,,
Andorra,,,,,,,,,,,,,,,,,,,,,,,,,,,,,,,,,,,,,,,,,,,,,,,
Angola,0.120600942528587,0.114226958648393,0.095598516140127,0.131275953255959,0.422679416062712,0.854660040196864,0.945973832191088,1.14196759219928,1.29306376868536,1.31911491883296,1.17379963506899,1.11090712822283,1.01030216360886,0.900324389563641,0.972942601386362,0.97245241817025,0.905689827425472,0.782492290436724,1.03513061369938,1.14651177718203,1.26324214648799,1.4937972979496,1.83063614449163,2.27762539184953,2.25236001908766,2.26220438948928,2.3010245914142,2.46780169973216,2.18172225031328,2.33535667327488,2.57519451504138,2.8398603518507,2.85329297760822,2.74008782742622,2.71618963740349,2.64605866868567,2.54026829125222,2.99520351064714,2.77774883767577,3.41308755260335,4.18702015679691,4.09375941689326,4.70913876772706,5.18232089094559,4.79988486487531,4.81991594321593,4.34501812607013
Anguilla,,,,,,,,,,,,,,,,,,,,,,,,,,,,,,,,,,,,,,,,,,,,,,,
Antigua and Barbuda,,,,,,,,,,,,,,,,,,,,,,,,,,,,,,,,,,,,,,,,,,,,,,,
Argentina,0.617347099332222,0.647332585503062,0.695677354849982,0.751406135813535,0.766684204366834,0.833933148201319,0.884918182346719,0.896178191262821,0.856434122154622,0.824223578789213,0.77689944821847,0.770556628887518,0.820172510008068,0.850084650729988,0.876092366412029,0.898190556863827,0.901084478903124,0.881737093224437,0.871615521544641,0.840868719864569,0.795889493186293,0.74222410983089,0.721865407798,0.747570406774141,0.75278327541351,0.779247818657008,0.782085249830488,0.86584461423482,0.914242704599854,1.00263355819255,1.07464521851234,1.15668289440397,1.21477453327421,1.21844486422523,1.14444524527625,1.09488079792703,1.1135293236448,1.08614993096643,1.05899145267612,0.985604988739809,0.936948602782338,0.916548152041264,0.887599566415135,0.859232912824802,0.843084438550344,0.805436105128276,0.742927619540574
Armenia,,,,,,,,,,,,,,,,,,,,,,,,,,,,,,,,,,,,,,,,,,,,,,,
Aruba,,,,,,,,,,,,,,,,,,,,,,,,,,,,,,,,,,,,,,,,,,,,,,,
Australia,0.030476512763481,0.038314515692555,0.087336331177,0.158852389123706,0.178659094246478,0.68387488084252,1.17459065390813,1.22989610531417,1.51381869869288,1.4739361504457,1.55668212009032,1.57385130773692,1.64639529600021,1.61276461829941,1.60119380890121,1.48462774932136,1.42743171676015,1.38813740120214,1.33157577955664,1.71397328196346,1.9507879210857,1.71646681597336,1.79311961198019,1.67390630809392,1.55474781970688,1.77573704002886,1.65901837082262,1.61264862751482,1.48907730185158,1.58385226887544,1.47274081388242,1.54035626316252,1.62261757601579,1.52698177485165,1.46916786124585,1.95617421315925,1.78137753581916,1.7500235047325,1.49735317718581,1.28930846645231,1.25391987096725,1.14727225925823,1.16982290264412,1.13214320302764,1.03071384940999,1.10592826079177,0.931020450400514
Austria,,,,,,,,,,,,,,,,,,,,,,,,,,,,,,,,,,,,,,,,,,,,,,,
Azerbaijan,,,,,,,,,,,,,,,,,,,,,1.98346334288384,1.92595535502663,2.02116777290851,1.96574735310831,1.85366498160632,1.7332964302968,1.60676731849713,1.50360096294282,1.35561998525537,1.24682273898642,1.17990191116369,1.15997965663562,1.14068123955292,1.43549464570152,1.72290862700689,1.73461724682251,1.82861085637439,1.86334908647708,1.85346721687321,1.84452976225013,2.60827382520201,3.73122827799886,4.85024847489154,5.00341025985061,5.58413050796086,5.53323908498927,4.90118066546794
Bahamas,,,,,,,,,,,,,,,,,,,,,,,,,,,,,,,,,,,,,,,,,,,,,,,
Bahrain,,,,,,,,,,,,,,,,,,,,,,,,,,,,,,,,,,,,,,,,,,,,,,,
Bangladesh,,,,,,,,,,,,,,,,,,,,,,,,,,,,,,,,,,,,,,,,,,,,,,,
Barbados,,,,,,,,,,,,,,,,,,,,,,,,,,,,,,,,,,,,,,,,,,,,,,,
Belarus,,,,,,,,,,,,,,,,,,,,,,,,,,,,,,,,,,,,,,,,,,,,,,,
Belgium,,,,,,,,,,,,,,,,,,,,,,,,,,,,,,,,,,,,,,,,,,,,,,,
Belize,,,,,,,,,,,,,,,,,,,,,,,,,,,,,,,,,,,,,,,,,,,,,,,
Benin,,,,,,,,,,,,,,,,,,,,,,,,,,,,,,,,,,,,,,,,,,,,,,,
Bermuda,,,,,,,,,,,,,,,,,,,,,,,,,,,,,,,,,,,,,,,,,,,,,,,
Bhutan,,,,,,,,,,,,,,,,,,,,,,,,,,,,,,,,,,,,,,,,,,,,,,,
Bolivia,,,,,,,,,,,,,,,,,,,,,,,,,,,,,,,,,,,,,,,,,,,,,,,
Bosnia and Herzegovina,,,,,,,,,,,,,,,,,,,,,,,,,,,,,,,,,,,,,,,,,,,,,,,
Botswana,,,,,,,,,,,,,,,,,,,,,,,,,,,,,,,,,,,,,,,,,,,,,,,
Brazil,0.05964400961619,0.070875478158286,0.086888057433761,0.093056992430688,0.098983061090547,0.091592087531349,0.093481964345629,0.089411742399815,0.088624366962442,0.090074277354963,0.086153304042552,0.081976748415508,0.077046228412966,0.074800635778698,0.07574315017638,0.081186692208886,0.092548503500262,0.110225728725439,0.136725122691015,0.186818641816803,0.215947811113495,0.222682759392478,0.217054855714301,0.208286211435414,0.218593651245565,0.227824612553364,0.221503364275699,0.221050359310395,0.221538828067214,0.227358988201652,0.232112632871403,0.258288665610032,0.272688271784795,0.310620649373712,0.345938465114492,0.382803359214547,0.396364190512413,0.438422186611465,0.447869528723617,0.439329978958488,0.480279483629247,0.501188232666419,0.503165015475336,0.518122268752047,0.548731387324804,0.573012423295942,0.582511962687257
British Virgin Islands,,,,,,,,,,,,,,,,,,,,,,,,,,,,,,,,,,,,,,,,,,,,,,,
Brunei,39.8345735657593,45.7179913705646,47.3389858022964,53.214880478101,51.5152797523776,53.9597344178146,48.8636181650547,66.0582777458616,79.653824079503,64.9179805439505,58.5380830624618,65.0794052009258,65.3634465773467,66.4985273678244,69.6271160959855,61.8874326897744,43.3187339859303,43.1014168366113,41.8900856047484,39.2065935239456,36.9911004106785,35.4808092084759,32.3527205032346,30.4403185371345,29.4601353566846,29.0351521603158,30.5773335752927,33.1706126673287,30.8495457189239,30.720321951031,29.2258685990555,26.9704707877827,25.905060625241,24.3279664766424,27.692429667098,28.8186906603588,29.5987230130339,29.9906801674945,29.9810021108217,28.8656700191118,27.6918243813906,29.0810652241436,25.0620975063323,22.1652843786099,20.9039706316136,21.0426411927878,19.8887757470814
Bulgaria,,,,,,,,,,,,,,,,,,,,,,,,,,,,,,,,,,,,,,,,,,,,,,,
Burkina Faso,,,,,,,,,,,,,,,,,,,,,,,,,,,,,,,,,,,,,,,,,,,,,,,
Burundi,,,,,,,,,,,,,,,,,,,,,,,,,,,,,,,,,,,,,,,,,,,,,,,
Cambodia,,,,,,,,,,,,,,,,,,,,,,,,,,,,,,,,,,,,,,,,,,,,,,,
Cameroon,,,,,,,,,,,,,,,,,,,,,,,,,,,,,,,,,,,,,,,,,,,,,,,
Canada,2.22960496585086,2.40122671510155,2.57055320819709,2.72884154215434,2.91520448778851,3.22642892442266,3.40903047417701,3.88080664524969,4.43581968961369,4.12588901366636,3.52496938929244,3.21593510606998,3.18943616570763,3.13609472458128,3.55762008281224,3.39649796400259,3.04247324639868,2.98065238355273,3.10921947490046,3.28188765739395,3.31565969377726,3.27447862519455,3.40033705251051,3.5294348379924,3.38893051596538,3.34855561919798,3.32295102303767,3.42278671720759,3.56324190182549,3.67789405231515,3.81905574403251,3.90280105891731,4.04365705978062,4.15381617302181,3.98227534651992,4.13961265516734,4.07131953791352,4.31548175623568,4.51258647574954,4.61973406012963,4.48915500006393,4.6999886745136,4.80881433371042,4.67775934255805,4.63436683046637,4.83202196471205,5.02565786676147
Cape Verde,,,,,,,,,,,,,,,,,,,,,,,,,,,,,,,,,,,,,,,,,,,,,,,
Cayman Islands,,,,,,,,,,,,,,,,,,,,,,,,,,,,,,,,,,,,,,,,,,,,,,,
Central African Republic,,,,,,,,,,,,,,,,,,,,,,,,,,,,,,,,,,,,,,,,,,,,,,,
Chad,,,,,,,,,,,,,,,,,,,,,,,,,,,,,,,,,,,,,,,0.135178559760579,0.932424941265277,0.930717849929904,0.797609686194288,0.726926858903589,0.62800797333509,0.565694432925638,0.57030008688195,0.518088160508036
Channel Islands,,,,,,,,,,,,,,,,,,,,,,,,,,,,,,,,,,,,,,,,,,,,,,,
Chile,,,,,,,,,,,,,,,,,,,,,,,,,,,,,,,,,,,,,,,,,,,,,,,
China,0.015923066903988,0.019997222131586,0.018564122154444,0.020775231707952,0.027438798321992,0.037624773739004,0.047116828883955,0.053240598430761,0.061038015497337,0.07225794580657,0.084214810000968,0.093645442965255,0.099118622474535,0.108658863260869,0.109412774834596,0.107763592727967,0.101558437602922,0.101051402137929,0.103473793777954,0.110159770123117,0.118211676270966,0.121708855622665,0.122849519459506,0.123430748698859,0.121989096564208,0.120774166511442,0.121459389344179,0.120861415796848,0.12116725063889,0.121579072489053,0.122752589503438,0.129284356825017,0.129361407054581,0.128244528423536,0.127211535869193,0.12813636111754,0.128984687613681,0.129762512385017,0.131116003335509,0.133828545161574,0.138692110521407,0.140550976163319,0.14099186326144,0.143373567016527,0.141949769597148,0.151352180021441,0.151121430904376
Christmas Island,,,,,,,,,,,,,,,,,,,,,,,,,,,,,,,,,,,,,,,,,,,,,,,
Cocos Island,,,,,,,,,,,,,,,,,,,,,,,,,,,,,,,,,,,,,,,,,,,,,,,
Colombia,0.574191639435892,0.546684278656702,0.512392089970284,0.457719762983686,0.540522536691687,0.551337521841159,0.534075389516762,0.472588638140417,0.434443935169542,0.387409950895553,0.354725907602361,0.32392550827512,0.297624785806459,0.276474112253167,0.254162960221287,0.253066503685011,0.264013211778351,0.272075289057686,0.285583531121223,0.307202423896194,0.317447463984705,0.524061452176489,0.651119017220896,0.626520711813573,0.656123688296551,0.703949621291454,0.667007807908338,0.674509546111201,0.683764524144847,0.673806679973557,0.850829784483445,0.89890127151891,0.922240998330859,1.05124368170602,1.11772052236393,0.932516589668288,0.805895587832482,0.759698156742606,0.701099181620297,0.676338907910741,0.665280196864237,0.659970161517967,0.652868530947107,0.710950090497014,0.784710847782205,0.904989339288153,1.03802468906239
Comoros,,,,,,,,,,,,,,,,,,,,,,,,,,,,,,,,,,,,,,,,,,,,,,,
"Congo, Dem. Rep.",,,,,,,,,,,,,,,,,,,,,,,,,,,,,,,,,,,,,,,,,,,,,,,
"Congo, Rep.",0.061317638320933,0.05208324582788,,,,,,0.236815508032697,1.42902931936242,1.62725570450892,1.15063548652457,1.31134437776709,0.994134063133275,1.43200453527033,1.5812892602864,1.76167848811506,2.21449557721872,2.38710658354873,2.73125564451015,2.97921766980181,2.85274694015622,2.77994868002655,2.86993258361626,3.11073335605168,3.42446457795259,3.36095829799632,3.28207151117917,3.42751119357383,3.68508694997044,3.59615908246419,3.39114416259927,3.68632206903767,4.00783024732249,4.57366137417016,4.49264380610508,4.18994868764467,3.7504533331589,3.73751563781451,3.32253363701512,3.35280151191242,3.57582978379589,3.94948085574138,3.0944890679726,3.1900323960136,3.61119094126835,3.73118110583072,3.678932401404
Cook Is,,,,,,,,,,,,,,,,,,,,,,,,,,,,,,,,,,,,,,,,,,,,,,,
Costa Rica,,,,,,,,,,,,,,,,,,,,,,,,,,,,,,,,,,,,,,,,,,,,,,,
Cote d'Ivoire,,,,,,,,,,,,,,,,,,,,,,,,,,,,,,,,,,,,,,,,,,,,,,,
Croatia,,,,,,,,,,,,,,,,,,,,,,,,,,,,,,,,,,,,,,,,,,,,,,,
Cuba,,,,,,,,,,,,,,,,,,,,,,,,,,,,,,,,,,,,,,,,,,,,,,,
Cyprus,,,,,,,,,,,,,,,,,,,,,,,,,,,,,,,,,,,,,,,,,,,,,,,
Czech Republic,,,,,,,,,,,,,,,,,,,,,,,,,,,,,,,,,,,,,,,,,,,,,,,
Czechoslovakia,,,,,,,,,,,,,,,,,,,,,,,,,,,,,,,,,,,,,,,,,,,,,,,
Denmark,,,,,,,,0.019593846889013,0.029154420003091,0.019342742881406,0.028890981880607,0.03848396079795,0.095643513505116,0.076319904293377,0.07618017996955,0.057230027961658,0.1426418604664,0.323438250961199,0.409349762229288,0.448963540497185,0.571777374425132,0.705127149033973,0.88570882101219,0.915846346487879,1.06390035280484,1.14695384332022,1.34235541831529,1.48332748885816,1.57702415505935,1.72970663774024,1.73198070060921,1.9340704051224,2.12375647430387,2.18847150841905,2.73861364120851,3.32204277783868,3.16625043655749,3.36643062793446,3.33053907006695,3.52896699427432,3.38998412115226,3.06215538419165,2.77338443225888,2.55306593476957,2.3354253870767,2.19031801348506,1.96084372915019
Djibouti,,,,,,,,,,,,,,,,,,,,,,,,,,,,,,,,,,,,,,,,,,,,,,,
Dominica,,,,,,,,,,,,,,,,,,,,,,,,,,,,,,,,,,,,,,,,,,,,,,,
Dominican Republic,,,,,,,,,,,,,,,,,,,,,,,,,,,,,,,,,,,,,,,,,,,,,,,
East Germany,,,,,,,,,,,,,,,,,,,,,,,,,,,,,,,,,,,,,,,,,,,,,,,
Ecuador,0.083318443157659,0.070757709024012,0.058864276582651,0.047742624800522,0.036974300709406,0.035896508050245,0.034856349784463,0.661935583410376,1.71813900771919,1.41355724790802,1.24921055696161,1.42126819901442,1.34512996869708,1.44702504565788,1.49004989531743,1.38568006958926,1.39040317812587,1.35332491727705,1.48544859932416,1.5739240584342,1.67462161577435,1.70172754290822,0.982313011513744,1.68505148323786,1.51991960134266,1.5128525914937,1.55378008912122,1.62752844931783,1.70962336923917,1.84377882017555,1.84452881570692,1.80652327114437,1.79073412465373,1.70916792029224,1.6738089194988,1.76482548067603,1.76086715311434,1.66819228006604,1.74715553049017,2.16207892722174,2.14518932260127,2.12610072455896,1.99869326883415,1.95029986608934,1.84693648066318,1.82107301256,1.84548872687552
Egypt,0.203895178489644,0.192009313172836,0.167016170672631,0.250404100309483,0.350385793424904,0.456639778719556,0.406844278828517,0.285279007126866,0.220753891070465,0.189846239574696,0.292383752104825,0.404792114756834,0.498072875020337,0.586884594770982,0.595206569696116,0.662477103329766,0.698572231080272,0.706800040574065,0.754610722262303,0.845974042371579,0.889603900542098,0.79258604206943,0.869890005155879,0.812621294300665,0.799771944368093,0.800428898581231,0.783712339298679,0.779349028577069,0.791847135099331,0.761845233492858,0.750646794001206,0.71418954901148,0.682122757547914,0.657824614942082,0.622371087432958,0.573553684972298,0.542111581878257,0.526686053729502,0.514137141998623,0.48582608238935,0.456853520430348,0.445291635121868,0.443323409092811,0.442269425375831,0.442319110457381,0.431834675962204,0.425886729029983
El Salvador,,,,,,,,,,,,,,,,,,,,,,,,,,,,,,,,,,,,,,,,,,,,,,,
Equatorial Guinea,,,,,,,,,,,,,,,,,,,,,,,,,,,,0.24840143243333,0.598519587217606,0.578557514093387,0.783400136821821,1.84604113644845,6.28908815464259,8.42265361252756,9.82638958333569,8.68429150746378,16.31799069651,20.5744417485,23.0421133731475,29.5376912157757,29.1736854660947,27.0668823379018,26.94148738818,26.0136786463042,22.3348854581378,19.3694206619999,17.31966700843
Eritrea,,,,,,,,,,,,,,,,,,,,,,,,,,,,,,,,,,,,,,,,,,,,,,,
Eritrea and Ethiopia,,,,,,,,,,,,,,,,,,,,,,,,,,,,,,,,,,,,,,,,,,,,,,,
Estonia,,,,,,,,,,,,,,,,,,,,,,,,,,,,,,,,,,,,,,,,,,,,,,,
Ethiopia,,,,,,,,,,,,,,,,,,,,,,,,,,,,,,,,,,,,,,,,,,,,,,,
Faeroe Islands,,,,,,,,,,,,,,,,,,,,,,,,,,,,,,,,,,,,,,,,,,,,,,,
Falkland Is (Malvinas),,,,,,,,,,,,,,,,,,,,,,,,,,,,,,,,,,,,,,,,,,,,,,,
Fiji,,,,,,,,,,,,,,,,,,,,,,,,,,,,,,,,,,,,,,,,,,,,,,,
Finland,,,,,,,,,,,,,,,,,,,,,,,,,,,,,,,,,,,,,,,,,,,,,,,
France,,,,,,,,,,,,,,,,,,,,,,,,,,,,,,,,,,,,,,,,,,,,,,,
French Guiana,,,,,,,,,,,,,,,,,,,,,,,,,,,,,,,,,,,,,,,,,,,,,,,
French Polynesia,,,,,,,,,,,,,,,,,,,,,,,,,,,,,,,,,,,,,,,,,,,,,,,
Gabon,2.52052283414362,2.86101252558006,6.75525959217449,9.01229797092218,9.64247831065775,10.2412346135978,10.7368896925859,11.4223891876023,13.435530851141,17.5865926795506,19.0034883115531,18.5246682033002,17.9454834465777,16.4300328600657,14.7696593391188,13.0302750640527,10.8859718632055,10.7596815730787,10.5422655220089,11.3430392328831,10.8665801640191,10.1298996291199,9.14918173478145,10.2010497031577,11.3666296559336,14.5235317164741,15.3267245430796,14.5789976485162,14.8730228981829,15.9485539074762,16.3299540984451,16.3206538992949,15.8426911502452,14.3029842028769,14.0654026723851,13.2561682671213,11.8947247588399,11.4100231532422,9.10827000555604,8.74144733073396,8.53560404718949,8.39822023643916,8.0668513995175,8.112799243892,7.7726966552296,8.29173492593236,7.97337230151232
Gambia,,,,,,,,,,,,,,,,,,,,,,,,,,,,,,,,,,,,,,,,,,,,,,,
Georgia,,,,,,,,,,,,,,,,,,,,,,,,,,,,,,,,,,,,,,,,,,,,,,,
Germany,,,,,,,,,,,,,,,,,,,,,,,,,,,,,,,,,,,,,,,,,,,,,,,
Ghana,,,,,,,,,,,,,,,,,,,,,,,,,,,,,,,,,,,,,,,,,,,,,,,
Gibraltar,,,,,,,,,,,,,,,,,,,,,,,,,,,,,,,,,,,,,,,,,,,,,,,
Greece,,,,,,,,,,,,,,,,,,,,,,,,,,,,,,,,,,,,,,,,,,,,,,,
Greenland,,,,,,,,,,,,,,,,,,,,,,,,,,,,,,,,,,,,,,,,,,,,,,,
Grenada,,,,,,,,,,,,,,,,,,,,,,,,,,,,,,,,,,,,,,,,,,,,,,,
Guadeloupe,,,,,,,,,,,,,,,,,,,,,,,,,,,,,,,,,,,,,,,,,,,,,,,
Guam,,,,,,,,,,,,,,,,,,,,,,,,,,,,,,,,,,,,,,,,,,,,,,,
Guatemala,,,,,,,,,,,,,,,,,,,,,,,,,,,,,,,,,,,,,,,,,,,,,,,
Guernsey,,,,,,,,,,,,,,,,,,,,,,,,,,,,,,,,,,,,,,,,,,,,,,,
Guinea,,,,,,,,,,,,,,,,,,,,,,,,,,,,,,,,,,,,,,,,,,,,,,,
Guinea-Bissau,,,,,,,,,,,,,,,,,,,,,,,,,,,,,,,,,,,,,,,,,,,,,,,
Guyana,,,,,,,,,,,,,,,,,,,,,,,,,,,,,,,,,,,,,,,,,,,,,,,
Haiti,,,,,,,,,,,,,,,,,,,,,,,,,,,,,,,,,,,,,,,,,,,,,,,
Holy See,,,,,,,,,,,,,,,,,,,,,,,,,,,,,,,,,,,,,,,,,,,,,,,
Honduras,,,,,,,,,,,,,,,,,,,,,,,,,,,,,,,,,,,,,,,,,,,,,,,
"Hong Kong, China",,,,,,,,,,,,,,,,,,,,,,,,,,,,,,,,,,,,,,,,,,,,,,,
Hungary,,,,,,,,,,,,,,,,,,,,,,,,,,,,,,,,,,,,,,,,,,,,,,,
Iceland,,,,,,,,,,,,,,,,,,,,,,,,,,,,,,,,,,,,,,,,,,,,,,,
India,0.0060878277084,0.009163594517541,0.010936092357432,0.011050522124332,0.012414489525193,0.012293412178333,0.012679751559672,0.012714895311367,0.012127509640528,0.012327055667497,0.013314650599689,0.013593564594588,0.015614476684953,0.016874840125263,0.018774384244175,0.013426019099344,0.02090040447007,0.027117168423555,0.033806488309069,0.036751766271781,0.038498855904431,0.039426380893904,0.037428638757881,0.038541258880805,0.040257922102654,0.039106854110835,0.036079866248415,0.032070251612408,0.030030400428828,0.034212714606023,0.037996398038512,0.035417927694588,0.035565149347457,0.034065766358193,0.033402856546787,0.032416796057496,0.031817079376848,0.032370893481034,0.031998786420683,0.032358223489648,0.030356753269662,0.030920318510325,0.030780982409552,0.030343523526581,0.029341570204926,0.031766327555931,0.032562595089218
Indonesia,0.235583754952183,0.223975121829936,0.234889527242468,0.26962964183225,0.280907019175998,0.364251288641796,0.370919920621903,0.439513397469987,0.529112522225522,0.530443252843002,0.491642903480952,0.554119915899435,0.603723104205754,0.570065315047098,0.539640025904694,0.52403562534382,0.518307378231143,0.422061781331932,0.43836081693119,0.454701458230779,0.394599775606601,0.410385280932251,0.399527283527851,0.378017843952505,0.395315474491026,0.403770897650424,0.432140675959137,0.402757724259756,0.397110300557134,0.391577161695564,0.383422429096925,0.379350404474413,0.369208317585234,0.357009117630027,0.325739251267907,0.334918099354478,0.313874781268641,0.287705928941382,0.258423568937642,0.245967508668594,0.233796723111805,0.212669515442399,0.204515554152493,0.208456998071494,0.201932508729697,0.201486154929571,0.188217031406819
Iran,3.81677181693077,4.1522726993622,4.93445550641839,5.25435482893598,6.06404307345029,6.71924107273774,7.77278431604403,8.40166759300505,9.52639046884482,9.51469873876347,8.21725577180012,8.78887737760512,8.1950938735943,7.35639115850564,4.30979525842079,1.92236058639944,1.65349285039967,2.89147073068058,2.84796969590702,2.2888269584824,2.37328303287492,2.12817095615433,2.33205697112891,2.26561574230645,2.69170173945391,2.96677864032123,3.10979266080289,3.07843187050836,3.18074808063183,3.14553198835282,3.10350505706325,3.0689739854576,3.01768157416859,3.02199259090002,2.77103424814674,2.92521730507854,2.85379733713181,2.63157873123238,2.90873862431738,3.00251545163619,2.94113743910681,2.94531333532591,2.93393450536687,2.9461572220309,2.78915053769871,2.79964703165554,2.75201279846306
Iraq,7.62402541291067,7.82809688562991,6.6802183768723,7.92535615127302,7.73130168665067,7.61344110909713,8.05569423413658,6.76710702091178,8.99576088449979,8.52525178953459,9.47949994344517,9.82060385026491,9.22828905138911,9.75884222837209,12.8436567741431,9.53707520997918,3.15482945055342,3.35492796116261,3.67272134885897,3.99922457940986,4.51236453561594,5.89126278382284,7.25405643708639,8.27064250380784,8.20959959743559,6.06091380087778,0.780170607882507,1.41962616425279,1.1748721988181,1.26286426091792,1.28282896132168,1.36208103244585,2.63498922646214,4.6477828902003,5.54245960648142,5.39958059263803,5.04671370885292,4.1205559556998,2.54967769423713,3.75817011529231,3.29079284451287,3.48769842228292,3.63339922277892,4.00690818237618,3.90513371611058,3.83456673473556,4.19212705305076
Ireland,,,,,,,,,,,,,,,,,,,,,,,,,,,,,,,,,,,,,,,,,,,,,,,
Isle of Man,,,,,,,,,,,,,,,,,,,,,,,,,,,,,,,,,,,,,,,,,,,,,,,
Israel,,,,,,,,,,,,,,,,,,,,,,,,,,,,,,,,,,,,,,,,,,,,,,,
Italy,0.044272973159286,0.035687194448894,0.032998120562646,0.030940821181946,0.030045528512461,0.028167021511128,0.025195475831086,0.022376729739702,0.020298266213947,0.020152835158899,0.022415617270923,0.023348945585634,0.022398876935411,0.026661009065656,0.030635502361396,0.030362227780706,0.026376418453098,0.031197905426071,0.03957820547436,0.040081414822806,0.04199242723645,0.045028144702784,0.06924963889437,0.085121434868992,0.081020974084692,0.082136347392408,0.076192407215562,0.079110428280061,0.081492836358169,0.085929659823699,0.09191118549824,0.095752700350846,0.104555769815586,0.098889173099007,0.088177875328863,0.080475441750249,0.072168817549764,0.096193199772093,0.096259644023887,0.09386620319292,0.104156713601558,0.097643787204585,0.098503673646648,0.087423120741433,0.07588999415655,0.084328959356606,0.087303240961222
Jamaica,,,,,,,,,,,,,,,,,,,,,,,,,,,,,,,,,,,,,,,,,,,,,,,
Japan,,,,,,,,,,,,,,,,,,,,,,,,,,,,,,,,,,,,,,,,,,,,,,,
Jersey,,,,,,,,,,,,,,,,,,,,,,,,,,,,,,,,,,,,,,,,,,,,,,,
Jordan,,,,,,,,,,,,,,,,,,,,,,,,,,,,,,,,,,,,,,,,,,,,,,,
Kazakhstan,,,,,,,,,,,,,,,,,,,,,1.43599474828964,1.45814412624611,1.48813223817686,1.52713846189991,1.54202725466392,1.56079854809437,1.61080523305808,1.57021193540002,1.41157986473382,1.26004048233645,1.2955663976052,1.46131651246291,1.66480611876792,1.69961865522923,1.99776268613452,2.36128385056216,2.69109268525687,3.23131590159465,3.50369327723003,4.02604259529948,4.12701718747374,4.31738259610733,4.41889629378681,4.60225565134464,4.93741948158132,5.09453577345383,5.08260447035957
Kenya,,,,,,,,,,,,,,,,,,,,,,,,,,,,,,,,,,,,,,,,,,,,,,,
Kiribati,,,,,,,,,,,,,,,,,,,,,,,,,,,,,,,,,,,,,,,,,,,,,,,
North Korea,,,,,,,,,,,,,,,,,,,,,,,,,,,,,,,,,,,,,,,,,,,,,,,
South Korea,,,,,,,,,,,,,,,,,,,,,,,,,,,,,,,,,,,,,,,,,,,,,,,
"United Korea (former)
",,,,,,,,,,,,,,,,,,,,,,,,,,,,,,,,,,,,,,,,,,,,,,,
Kosovo,,,,,,,,,,,,,,,,,,,,,,,,,,,,,,,,,,,,,,,,,,,,,,,
Kuwait,245.787139494588,234.37920304804,214.890471555328,207.463672740261,202.276688462473,201.554200402203,200.384735573286,192.25688010503,165.244620090471,130.932950024051,100.924882573661,98.4790849801314,85.4840702732367,87.522843086482,99.0432278228946,63.0616944309348,40.5505686836757,28.1796066008697,34.7189303493917,36.5834400148928,31.8523821183773,32.3535775515968,26.9006243557332,31.0853355078739,32.8337153249541,22.4156158136576,4.53814139636536,28.0422947419816,53.776873923499,61.2468255240792,64.4316208233257,64.5688880633043,62.6122742686906,62.3709840531096,55.2204412382915,56.7120213068339,53.1718666523103,47.931331765629,54.4327499582398,56.3618630542516,57.5893009618112,56.9048235626444,53.0715720946492,53.2945385537989,45.7060834878879,44.8306062327915,49.6945339028577
Kyrgyz Republic,,,,,,,,,,,,,,,,,,,,,,,,,,,,,,,,,,,,,,,,,,,,,,,
Lao,,,,,,,,,,,,,,,,,,,,,,,,,,,,,,,,,,,,,,,,,,,,,,,
Latvia,,,,,,,,,,,,,,,,,,,,,,,,,,,,,,,,,,,,,,,,,,,,,,,
Lebanon,,,,,,,,,,,,,,,,,,,,,,,,,,,,,,,,,,,,,,,,,,,,,,,
Lesotho,,,,,,,,,,,,,,,,,,,,,,,,,,,,,,,,,,,,,,,,,,,,,,,
Liberia,,,,,,,,,,,,,,,,,,,,,,,,,,,,,,,,,,,,,,,,,,,,,,,
Libya,35.7251470942216,42.4362270828029,46.8200397743508,67.5490023510985,77.2559674115885,80.0124984327984,62.832046344368,49.2264398007834,46.2101394632024,31.1420995671876,29.0072225861459,36.3456950005831,37.1475572540566,34.1871007651946,34.566014268197,28.8237791632136,18.3790986076536,16.3818516903343,15.3074696197243,13.010160245917,12.5697446764131,12.640708320188,11.6091014643889,11.9382914389836,12.9171649605349,15.5133633193013,15.3538091663426,15.454448379411,14.3786082799951,14.4012403867885,14.2183561215304,14.1046405267324,14.156655054402,13.8047077763388,13.0453037451024,13.2943260531283,12.5811208892339,11.887933540285,12.6023456524704,13.5416859020955,14.1971964109544,14.4067318065932,14.1175462289086,13.8668883199287,12.3084276609269,12.1860716507339,3.49256849750327
Liechtenstein,,,,,,,,,,,,,,,,,,,,,,,,,,,,,,,,,,,,,,,,,,,,,,,
Lithuania,,,,,,,,,,,,,,,,,,,,,,,,,,,,,,,,,,,,,,,,,,,,,,,
Luxembourg,,,,,,,,,,,,,,,,,,,,,,,,,,,,,,,,,,,,,,,,,,,,,,,
"Macao, China",,,,,,,,,,,,,,,,,,,,,,,,,,,,,,,,,,,,,,,,,,,,,,,
"Macedonia, FYR",,,,,,,,,,,,,,,,,,,,,,,,,,,,,,,,,,,,,,,,,,,,,,,
Madagascar,,,,,,,,,,,,,,,,,,,,,,,,,,,,,,,,,,,,,,,,,,,,,,,
Malawi,,,,,,,,,,,,,,,,,,,,,,,,,,,,,,,,,,,,,,,,,,,,,,,
Malaysia,,,,0.018467536475188,0.040407720110214,0.078826640221382,0.294775614430982,0.38872612521923,0.370222428199226,0.321755344449321,0.380251568195312,0.634926696945175,0.678162495955438,0.782282269156098,0.997695737124087,0.95585811133188,0.872693340322888,0.998721249409235,1.2323385583126,1.39355963870628,1.348728729992,1.47269948636009,1.41307302562182,1.49559464493546,1.57998351151389,1.62285876142424,1.64479285621217,1.62799460798423,1.55200979899721,1.53986975047068,1.60819376127498,1.59051277136594,1.53789300233098,1.52416699335972,1.41742433059765,1.36670443754037,1.30150118159569,1.33020840297292,1.37350998822801,1.38743904679129,1.25035222753426,1.1632300736988,1.17103240285279,1.16542916553064,1.09447647101182,1.05014959369448,0.921243610518098
Maldives,,,,,,,,,,,,,,,,,,,,,,,,,,,,,,,,,,,,,,,,,,,,,,,
Mali,,,,,,,,,,,,,,,,,,,,,,,,,,,,,,,,,,,,,,,,,,,,,,,
Malta,,,,,,,,,,,,,,,,,,,,,,,,,,,,,,,,,,,,,,,,,,,,,,,
Marshall Islands,,,,,,,,,,,,,,,,,,,,,,,,,,,,,,,,,,,,,,,,,,,,,,,
Martinique,,,,,,,,,,,,,,,,,,,,,,,,,,,,,,,,,,,,,,,,,,,,,,,
Mauritania,,,,,,,,,,,,,,,,,,,,,,,,,,,,,,,,,,,,,,,,,,,,,,,
Mauritius,,,,,,,,,,,,,,,,,,,,,,,,,,,,,,,,,,,,,,,,,,,,,,,
Mayotte,,,,,,,,,,,,,,,,,,,,,,,,,,,,,,,,,,,,,,,,,,,,,,,
Mexico,0.402105241930148,0.399947122834285,0.430162127988072,0.44746517269353,0.455923952716527,0.466161230796961,0.451093613193598,0.455647607008803,0.455498475650396,0.554197621520088,0.666749013264138,0.722514310392915,0.853151860557263,1.01880247929241,1.2011443347193,1.55849805217708,1.82022578682568,2.10357535523135,2.00925766791189,1.98613504730846,1.91471701918103,1.76073848007218,1.80238683712836,1.76139667440324,1.73063205956303,1.72191376952378,1.77852117667565,1.74846743251585,1.72009088698442,1.69997476898879,1.62792716496198,1.72983695609356,1.77721172207221,1.78835800254918,1.67989029090625,1.71483621124147,1.74515467596379,1.74029454075489,1.81859425410934,1.8146780445581,1.75874624557266,1.69958783566238,1.5833149031191,1.4250505462304,1.31603712008767,1.28968325631499,1.26412061069797
"Micronesia, Fed. Sts.",,,,,,,,,,,,,,,,,,,,,,,,,,,,,,,,,,,,,,,,,,,,,,,
Moldova,,,,,,,,,,,,,,,,,,,,,,,,,,,,,,,,,,,,,,,,,,,,,,,
Monaco,,,,,,,,,,,,,,,,,,,,,,,,,,,,,,,,,,,,,,,,,,,,,,,
Mongolia,,,,,,,,,,,,,,,,,,,,,,,,,,,,,,,,,,,,,,,,,,,,,,,
Montenegro,,,,,,,,,,,,,,,,,,,,,,,,,,,,,,,,,,,,,,,,,,,,,,,
Montserrat,,,,,,,,,,,,,,,,,,,,,,,,,,,,,,,,,,,,,,,,,,,,,,,
Morocco,,,,,,,,,,,,,,,,,,,,,,,,,,,,,,,,,,,,,,,,,,,,,,,
Mozambique,,,,,,,,,,,,,,,,,,,,,,,,,,,,,,,,,,,,,,,,,,,,,,,
Myanmar,,,,,,,,,,,,,,,,,,,,,,,,,,,,,,,,,,,,,,,,,,,,,,,
Namibia,,,,,,,,,,,,,,,,,,,,,,,,,,,,,,,,,,,,,,,,,,,,,,,
Nauru,,,,,,,,,,,,,,,,,,,,,,,,,,,,,,,,,,,,,,,,,,,,,,,
Nepal,,,,,,,,,,,,,,,,,,,,,,,,,,,,,,,,,,,,,,,,,,,,,,,
Netherlands,,,,,,,,,,,,,,,,,,,,,,,,,,,,,,,,,,,,,,,,,,,,,,,
Netherlands Antilles,,,,,,,,,,,,,,,,,,,,,,,,,,,,,,,,,,,,,,,,,,,,,,,
New Caledonia,,,,,,,,,,,,,,,,,,,,,,,,,,,,,,,,,,,,,,,,,,,,,,,
New Zealand,,,,,,,,,,,,,,,,,,,,,,,,,,,,,,,,,,,,,,,,,,,,,,,
Ngorno-Karabakh,,,,,,,,,,,,,,,,,,,,,,,,,,,,,,,,,,,,,,,,,,,,,,,
Nicaragua,,,,,,,,,,,,,,,,,,,,,,,,,,,,,,,,,,,,,,,,,,,,,,,
Niger,,,,,,,,,,,,,,,,,,,,,,,,,,,,,,,,,,,,,,,,,,,,,,,
Nigeria,0.263628089840908,0.393369589694045,0.293573181862981,0.12720676535822,0.4747862746712,0.930926575677417,1.28373653270414,1.49183754321297,1.64085313183258,1.75377081612514,1.34976470929555,1.52521428736007,1.49496644317356,1.31110523139448,1.5470016577364,1.3462408535569,0.914012452489584,0.79803566547834,0.745785274835747,0.819163498618779,0.860287711386928,0.82061317993156,0.734637033523574,0.792129437557692,0.913562467661473,0.938882083670569,0.959493572996877,0.967534243166619,0.940749929438733,0.90355027478548,0.886195945039264,0.932396865085033,0.982070885693816,0.89852139410782,0.834405568606811,0.852022729047428,0.874425478452137,0.787813374507468,0.829002208028698,0.88492020094445,0.888411630786892,0.835307019952945,0.776465101009485,0.698918554587802,0.657241030928116,0.740034236261742,0.722844921288903
Niue,,,,,,,,,,,,,,,,,,,,,,,,,,,,,,,,,,,,,,,,,,,,,,,
Norfolk Island,,,,,,,,,,,,,,,,,,,,,,,,,,,,,,,,,,,,,,,,,,,,,,,
Northern Cyprus,,,,,,,,,,,,,,,,,,,,,,,,,,,,,,,,,,,,,,,,,,,,,,,
Northern Mariana Islands,,,,,,,,,,,,,,,,,,,,,,,,,,,,,,,,,,,,,,,,,,,,,,,
Norway,,,,,,,0.074947266897675,0.410393691939477,0.394215866617019,0.428535974305913,2.30144136091417,3.39036699528454,3.46355557257805,4.28041291916033,4.78838026799773,6.13116839795845,5.92684183664397,6.13671683449408,7.6123097655208,8.68860885295886,9.44256581510386,10.3248605413176,11.9762186638121,13.5590517453889,17.7455067309246,19.3665783312506,22.013544878961,24.9440460315539,26.4837711677399,29.6688990272217,31.7496304931123,35.2700948399713,35.409037324808,33.6994487974493,33.5165613218328,35.6691198953991,35.8946151484524,34.6843667730988,33.5619414060502,32.6753851592485,29.8961699129762,27.5684229930967,25.1116695646855,23.8947669839327,22.506434170615,20.1842444030233,18.9743213771508
Oman,,,4.23850118921587,17.4491751774141,22.8847746410337,22.4713220878106,19.207424107048,17.7945442663804,17.7096626292295,16.7738569210763,18.8003149347674,19.2724051390996,16.8705887182934,14.7371412267496,13.0855790073639,11.9501092084477,13.0472136939112,12.6382667326113,13.8550195412312,14.1387737907718,16.1118975333614,17.3531882725205,17.3858759574878,17.8661675134185,17.8427498122121,18.3288767625635,18.1380248534843,18.2327624462119,18.3528644212093,18.5340184601642,19.1786950131435,19.6414070240853,19.8149456252245,19.7580521824211,19.920797575188,20.4757253276503,20.2436948492651,18.8405579234571,16.9602552068997,16.0139424433474,15.4107802547516,14.3514437627396,13.4725133759164,13.6321300999692,14.2539246447116,14.7201186159829,14.8004011860741
Pakistan,,,,,,,,,,,,,,,,,,,,,,,,,,,,,,,,,,,,,,,,,,,,,,,
Palau,,,,,,,,,,,,,,,,,,,,,,,,,,,,,,,,,,,,,,,,,,,,,,,
Panama,,,,,,,,,,,,,,,,,,,,,,,,,,,,,,,,,,,,,,,,,,,,,,,
Papua New Guinea,,,,,,,,,,,,,,,,,,,,,,,,,,,,,,,,,,,,,,,,,,,,,,,
Paraguay,,,,,,,,,,,,,,,,,,,,,,,,,,,,,,,,,,,,,,,,,,,,,,,
Peru,0.295995816847398,0.287736135235241,0.314222545692982,0.319028583583188,0.301293279976731,0.293021069217206,0.243769752230123,0.249002701093547,0.263393738061128,0.277491808667775,0.250672542152521,0.258067628360617,0.299501159743766,0.48245526129599,0.597073361642756,0.592757564207514,0.570793387301282,0.562952279522485,0.48044732005127,0.508444877071726,0.506337361536188,0.468814560687445,0.422602911316496,0.356738084554918,0.32126084230388,0.312307299659949,0.273098698203618,0.270932702345414,0.287895854855758,0.284907177776531,0.268896021217921,0.260627141280242,0.25254530849728,0.239443566289811,0.216430012771062,0.199024625516092,0.191726463222415,0.189194722652406,0.175185375836671,0.171268990645529,0.187908454005171,0.192260321172176,0.187832759307063,0.193504963906332,0.231123168455086,0.247344586455367,0.237708424912786
Philippines,,,,,,,,,,,,,,,,,,,,,,,,,,,,,,,,,,,,,,,,,,,,,,,
Pitcairn,,,,,,,,,,,,,,,,,,,,,,,,,,,,,,,,,,,,,,,,,,,,,,,
Poland,,,,,,,,,,,,,,,,,,,,,,,,,,,,,,,,,,,,,,,,,,,,,,,
Portugal,,,,,,,,,,,,,,,,,,,,,,,,,,,,,,,,,,,,,,,,,,,,,,,
Puerto Rico,,,,,,,,,,,,,,,,,,,,,,,,,,,,,,,,,,,,,,,,,,,,,,,
Qatar,158.818269924831,183.033088303992,188.680933175689,183.940568220609,177.542928790178,166.791845397466,181.182277936059,186.28739693952,201.572747484524,169.507161384402,133.670371730222,141.28924671212,119.932902511717,126.751933715619,123.978580648428,106.830371662351,84.2205187114263,61.4302318855009,50.0702417499263,50.6761583445519,41.6238424760433,43.7094783683566,36.3549967616491,39.9319563135469,42.8094059590742,44.587666480368,42.2487802611736,48.3417222726035,44.3881530750488,43.116974647268,43.5430573051503,52.8939620937918,62.9231805071314,61.1333386209395,60.1509038363837,61.1221224817577,58.6945571632725,56.4603168804388,62.398520144727,64.3840725900232,57.5969428403186,52.0353714023641,45.4977467587681,43.5822823665987,36.2178845230235,37.346909144157,37.9952718463599
Reunion,,,,,,,,,,,,,,,,,,,,,,,,,,,,,,,,,,,,,,,,,,,,,,,
Romania,0.673654932411461,0.67966243622934,0.690752555299347,0.685505585819602,0.677043908141745,0.675322700263769,0.68835501906445,0.697848317144684,0.701545278452174,0.704748248449314,0.705103532780513,0.703588347196837,0.694592743279261,0.645823004504609,0.576822759693769,0.540551764576532,0.543303612825744,0.545103334782842,0.536292506884521,0.527931828498496,0.494965046393952,0.466404027139418,0.436724728190651,0.42599500400818,0.415144262523375,0.350588120621446,0.302465899861517,0.295827989045655,0.301930538371912,0.305740481394394,0.306468590342364,0.303624013149951,0.300461321636322,0.29290351504332,0.286276028612344,0.283304335232258,0.282262354034548,0.275864813701976,0.268639339918935,0.261155003665783,0.249727295680287,0.230175522657615,0.219220373810239,0.218578030179794,0.20884776256396,0.19952182711543,0.196953839701873
Russia,,,,,,,,,,,,,,,,,,,,,3.77539711405516,3.8783639433166,3.90727345828065,3.87607604692212,3.74158492159421,3.48002439580808,3.10709728013769,2.6784154550314,2.38258194727377,2.1333100247246,2.08979126586565,2.04014003627151,2.07520930607503,2.05984176714363,2.06921566034403,2.20281731803897,2.38153976024725,2.60858255822262,2.90835612907907,3.17936799482093,3.26735199829698,3.34839609163564,3.42864618568526,3.41209954925536,3.45472464824661,3.53341133051057,3.58048106439605
Rwanda,,,,,,,,,,,,,,,,,,,,,,,,,,,,,,,,,,,,,,,,,,,,,,,
St. Barthélemy,,,,,,,,,,,,,,,,,,,,,,,,,,,,,,,,,,,,,,,,,,,,,,,
St. Helena,,,,,,,,,,,,,,,,,,,,,,,,,,,,,,,,,,,,,,,,,,,,,,,
St. Kitts and Nevis,,,,,,,,,,,,,,,,,,,,,,,,,,,,,,,,,,,,,,,,,,,,,,,
St. Lucia,,,,,,,,,,,,,,,,,,,,,,,,,,,,,,,,,,,,,,,,,,,,,,,
St. Martin,,,,,,,,,,,,,,,,,,,,,,,,,,,,,,,,,,,,,,,,,,,,,,,
St. Vincent and the Grenadines,,,,,,,,,,,,,,,,,,,,,,,,,,,,,,,,,,,,,,,,,,,,,,,
St.-Pierre-et-Miquelon,,,,,,,,,,,,,,,,,,,,,,,,,,,,,,,,,,,,,,,,,,,,,,,
Samoa,,,,,,,,,,,,,,,,,,,,,,,,,,,,,,,,,,,,,,,,,,,,,,,
San Marino,,,,,,,,,,,,,,,,,,,,,,,,,,,,,,,,,,,,,,,,,,,,,,,
Sao Tome and Principe,,,,,,,,,,,,,,,,,,,,,,,,,,,,,,,,,,,,,,,,,,,,,,,
Saudi Arabia,23.1895486443031,26.3892725639118,27.5035882346469,28.9400983533336,29.3791552417819,33.2937648572888,39.9423166727224,48.2027273245656,57.9842042197038,61.678674265914,48.922347152447,56.3754248794498,57.1184045011719,48.871893244583,52.9433030294344,52.015482139392,48.4967369279109,30.5740437004225,20.2976896079044,17.4638076959155,13.0157661639934,18.2214839842598,15.2786318597137,18.3785804633453,17.3809291111598,21.2291638457329,25.6965746903532,25.7369610261096,24.4791856555826,24.1334842016865,23.6433498079477,23.7066446869253,23.8264871346894,23.5975449836616,21.573143005801,22.7006783842047,21.2447821375194,19.7604539748499,21.6617605672655,21.7244111934668,21.8322196163055,20.6633415347305,19.3055460255016,19.623493253448,17.2604528429038,16.9976731751875,18.7233883383881
Senegal,,,,,,,,,,,,,,,,,,,,,,,,,,,,,,,,,,,,,,,,,,,,,,,
Serbia,,,,,,,,,,,,,,,,,,,,,,,,,,,,,,,,,,,,,,,,,,,,,,,
Serbia and Montenegro,,,,,,,,,,,,,,,,,,,,,,,,,,,,,,,,,,,,,,,,,,,,,,,
Serbia excluding Kosovo,,,,,,,,,,,,,,,,,,,,,,,,,,,,,,,,,,,,,,,,,,,,,,,
Seychelles,,,,,,,,,,,,,,,,,,,,,,,,,,,,,,,,,,,,,,,,,,,,,,,
Sierra Leone,,,,,,,,,,,,,,,,,,,,,,,,,,,,,,,,,,,,,,,,,,,,,,,
Singapore,,,,,,,,,,,,,,,,,,,,,,,,,,,,,,,,,,,,,,,,,,,,,,,
Slovak Republic,,,,,,,,,,,,,,,,,,,,,,,,,,,,,,,,,,,,,,,,,,,,,,,
Slovenia,,,,,,,,,,,,,,,,,,,,,,,,,,,,,,,,,,,,,,,,,,,,,,,
Solomon Islands,,,,,,,,,,,,,,,,,,,,,,,,,,,,,,,,,,,,,,,,,,,,,,,
Somalia,,,,,,,,,,,,,,,,,,,,,,,,,,,,,,,,,,,,,,,,,,,,,,,
Somaliland,,,,,,,,,,,,,,,,,,,,,,,,,,,,,,,,,,,,,,,,,,,,,,,
South Africa,,,,,,,,,,,,,,,,,,,,,,,,,,,,,,,,,,,,,,,,,,,,,,,
South Ossetia,,,,,,,,,,,,,,,,,,,,,,,,,,,,,,,,,,,,,,,,,,,,,,,
Spain,,,,,,,,,,,,,,,,,,,,,,,,,,,,,,,,,,,,,,,,,,,,,,,
Sri Lanka,,,,,,,,,,,,,,,,,,,,,,,,,,,,,,,,,,,,,,,,,,,,,,,
Sudan,,,,,,,,,,,,,,,,,,,,,,,,,,,,,0.004329762518872,0.004217502883639,0.004109190973457,0.010038687687056,0.017563344482303,0.022831021605633,0.116919679250926,0.316048203535627,0.383928254831968,0.416701187516593,0.447853340814878,0.49838771208698,0.491742812018528,0.520670226187866,0.717850651699647,0.719707973298498,0.69765090694675,0.670978128397244,0.642394707715859
Suriname,,,,,,,,,,,,,,,,,,,,,,,,,,,,,,,,,,,,,,,,,,,,,,,
Svalbard,,,,,,,,,,,,,,,,,,,,,,,,,,,,,,,,,,,,,,,,,,,,,,,
Swaziland,,,,,,,,,,,,,,,,,,,,,,,,,,,,,,,,,,,,,,,,,,,,,,,
Sweden,,,,,,,,,,,,,,,,,,,,,,,,,,,,,,,,,,,,,,,,,,,,,,,
Switzerland,,,,,,,,,,,,,,,,,,,,,,,,,,,,,,,,,,,,,,,,,,,,,,,
Syria,,,,0.176239019292731,0.42877651179282,0.664666210827832,0.801086597587916,0.856859857902933,0.783527399519867,0.880276558429757,1.26696704279761,1.28667867271994,1.13059017525669,1.07021327416521,0.965842351052104,0.885778283875828,0.88576072412268,0.808392251074152,0.810898558649539,0.790634613348059,0.750001747533306,0.913687199278637,1.01914338839258,1.15129698407298,1.41527994077195,1.64110118882577,1.84944692429925,1.96236034360446,2.09304366995277,2.02656961556505,2.08960461607709,2.01072277930477,1.92959420182334,1.88273298861717,1.84626249553008,1.70971422463836,1.75672129811857,1.60468583064436,1.49943063901676,1.36982699810061,1.20955268504346,1.14302003524866,1.06784597689248,1.00746162115854,0.994163582814729,0.937774373311307,0.795360976825419
Taiwan,,,,,,,,,,,,,,,,,,,,,,,,,,,,,,,,,,,,,,,,,,,,,,,
Tajikistan,,,,,,,,,,,,,,,,,,,,,,,,,,,,,,,,,,,,,,,,,,,,,,,
Tanzania,,,,,,,,,,,,,,,,,,,,,,,,,,,,,,,,,,,,,,,,,,,,,,,
Thailand,,,,,,,,,,,,,,,,,0.00138178074018,0.004883409178165,0.011611525666126,0.020683073168875,0.038413703306116,0.038324408686631,0.034820991125409,0.039096018609493,0.037429728417806,0.044396528498046,0.051312238372876,0.061367645124212,0.063259059027837,0.063232560125915,0.059588294777966,0.067838979410029,0.07954450834804,0.081036244971621,0.087263920110927,0.110614218181273,0.117759961579359,0.126148703304259,0.146717397528006,0.137440190666528,0.162480248607034,0.175030836275381,0.184818322685303,0.194145113694533,0.199261238410459,0.199936210919223,0.20039299488971
Timor-Leste,,,,,,,,,,,,,,,,,,,,,,,,,,,,,,,,,,,,,,,,,,,,,,,
Togo,,,,,,,,,,,,,,,,,,,,,,,,,,,,,,,,,,,,,,,,,,,,,,,
Tokelau,,,,,,,,,,,,,,,,,,,,,,,,,,,,,,,,,,,,,,,,,,,,,,,
Tonga,,,,,,,,,,,,,,,,,,,,,,,,,,,,,,,,,,,,,,,,,,,,,,,
Transnistria,,,,,,,,,,,,,,,,,,,,,,,,,,,,,,,,,,,,,,,,,,,,,,,
Trinidad and Tobago,7.46313413274289,8.33525648815232,9.58951295728413,10.0969544940042,8.1437758131882,7.16525285477625,6.53459686414876,7.10485025931258,8.28456034859614,9.26443658265468,10.6060298220276,10.3276985044527,10.9928411950974,10.8940067001709,9.98772242821512,9.76450272540772,8.53206252068339,7.84451807464571,6.96307074147697,7.29764049314382,7.36371984683035,7.00244877556817,6.37581581856304,6.19769011546712,6.07923391850672,6.0674491090339,5.91742633941008,5.63239485398619,5.18875660615938,5.39783188776351,5.33975192359494,5.26117658161095,5.04717893853882,4.99214863585743,5.16333154413045,5.00779226040578,4.82458791000645,5.54212118437266,5.78163790785606,5.33635320961548,6.01934259304762,6.05121012359392,5.23450020032359,4.98102357116761,4.92795257652779,4.68964209755223,4.36720021298235
Tunisia,,0.163226524754859,0.464765930935907,0.64815553945492,0.737652430591622,0.809635106371151,0.78611584351531,0.746620589081204,0.714177453760325,0.746788394919169,0.813231052192883,0.638915682590133,0.722334779345522,0.807840761252663,0.880506965882105,0.871444916690052,0.815762578841711,0.756683028626028,0.793123396495031,0.766280310371492,0.737763031005556,0.69896562407179,0.650896858392429,0.627027342889064,0.616376706577473,0.552274947958707,0.623956267184616,0.612189787980185,0.538919090188352,0.499053829812427,0.475182034672173,0.465459975854402,0.417118217327104,0.432907161003257,0.424248062499045,0.390223598121724,0.351858433703073,0.365158217928251,0.32904142897992,0.343998054210058,0.346949197719074,0.330011523451382,0.454869951417362,0.410817022588822,0.381121281254797,0.359658320145895,0.346789270459844
Turkey,,,,,,,,,,,,,,,,,,,,,,,,,,,,,,,,,,,,,,,,,,,,,,,
Turkmenistan,,,,,,,,,,,,,,,,,,,,,2.09939684142958,1.981837785973,1.90696655852663,1.64410903087246,1.61039254928781,1.55398037077426,1.43146844804962,1.33952503018439,1.0977182140811,1.0235594475123,0.971821939298139,1.02045837443676,1.2380099497439,1.44905015433556,1.58739541068996,1.59060953890318,1.76174502173566,1.95865605325805,2.15236433047786,2.04374452150211,2.00069968674169,1.91592943298693,2.01694107012719,2.09417867176616,2.08849096896342,2.1204305049886,2.09413705558203
Turks and Caicos Islands,,,,,,,,,,,,,,,,,,,,,,,,,,,,,,,,,,,,,,,,,,,,,,,
Tuvalu,,,,,,,,,,,,,,,,,,,,,,,,,,,,,,,,,,,,,,,,,,,,,,,
Uganda,,,,,,,,,,,,,,,,,,,,,,,,,,,,,,,,,,,,,,,,,,,,,,,
Ukraine,,,,,,,,,,,,,,,,,,,,,,,,,,,,,,,,,,,,,,,,,,,,,,,
United Arab Emirates,93.2912574565624,111.091237747272,110.496971362257,133.713171232868,144.098724763293,159.228968553442,196.533574703378,195.524380682935,184.028305531355,174.157543472882,153.936574100035,150.645530767763,133.518412564234,106.925058920931,95.6114671490198,82.9506874372546,67.8221311131173,56.2340530007064,49.9930745062441,46.8619321019476,43.2364635655864,51.3775791640201,49.1677489097152,46.9903614543134,55.5833478308268,59.4926757743406,65.1938218594233,58.7977961798843,54.0082366703678,52.0611635718591,47.8292626880576,47.6068642697141,46.7405214599488,45.4531487118865,41.4985443245584,40.2450198320763,37.4633839301679,33.8507624874223,36.6215146995218,36.0125376396717,33.7345624537861,31.1985169948294,26.0359467020291,23.0222203693005,18.2027695944485,17.4953832651885,19.0211135840314
United Kingdom,0.001545541050591,0.001426846460052,0.001619535042771,0.001521385380772,0.001533104303182,0.002803466738215,0.003797955979505,0.005950179628418,0.006633208785328,0.007299180408857,0.027883362897167,0.21624919826174,0.679775669232618,0.959338649989576,1.3829301998426,1.42917756210232,1.58884797761209,1.83203059467487,2.03904526919947,2.23373906532767,2.25792607054866,2.24410749590678,2.17344580678835,2.01150815556289,1.60730698475046,1.60106339525205,1.59073714769883,1.63842238964143,1.73693053347531,2.18784702173614,2.2396594594809,2.23087999352647,2.19282741743649,2.26769492955703,2.34221391600027,2.14432090760699,1.97434294989186,1.95389377591708,1.77961852346105,1.59243868291259,1.40726397139307,1.26495186179507,1.26169387660026,1.16963649511334,1.10617095238029,1.0149499714438,0.833148676048522
United States,2.14430531081974,2.25395866421449,2.37686155016634,2.44511622563297,2.46354690147487,2.5469661226368,2.48821927852676,2.47546172795997,2.39191107055734,2.26331346098571,2.14406927338422,2.07087631587656,2.07289616078529,2.14776562287572,2.09562281381838,2.0894683323392,2.06355845215383,2.05218093028297,2.0421029706653,2.07768394229207,2.06821013248806,1.98082432101839,1.90004674794631,1.84827512781024,1.71024914332329,1.64444402882142,1.65327297210463,1.59916428832548,1.52230913170611,1.47083852280091,1.44024623039958,1.41830216641035,1.39365363531968,1.33390012851815,1.26245299119415,1.24815424982062,1.22292883989689,1.20238862927412,1.16176907130902,1.11939485294116,1.0555241864621,1.03559401905621,1.02471718545647,0.99985552396248,1.06804175750362,1.09514424443237,1.12516536944314
Uruguay,,,,,,,,,,,,,,,,,,,,,,,,,,,,,,,,,,,,,,,,,,,,,,,
USSR,,,,,,,,,,,,,,,,,,,,,,,,,,,,,,,,,,,,,,,,,,,,,,,
Uzbekistan,,,,,,,,,,,,,,,,,,,,,0.127103654901362,0.135773018852969,0.139822273845327,0.124736844876595,0.134771481476009,0.136483848501368,0.133299284887422,0.153487929476668,0.181938752258489,0.245561619497797,0.331030229163933,0.326502438039063,0.33222854326099,0.33886746398611,0.331025161631209,0.302717067309342,0.286552436759902,0.284787023776986,0.279880038409553,0.255871786840831,0.21000165951027,0.206456700609059,0.185935370178344,0.178315852462038,0.164221087218796,0.132969488974593,0.129141409194659
Wallis et Futuna,,,,,,,,,,,,,,,,,,,,,,,,,,,,,,,,,,,,,,,,,,,,,,,
Vanuatu,,,,,,,,,,,,,,,,,,,,,,,,,,,,,,,,,,,,,,,,,,,,,,,
Venezuela,20.3048543059947,19.0691829163208,19.4015759815834,19.1700311424893,18.4651681223415,18.4668110364089,17.1896850319759,15.2093116035197,15.3398234311767,13.119146148972,10.0226816570701,9.50168356748452,8.92785805030498,8.30260538226907,8.74320640474791,7.80421651654968,7.3344922719541,6.43916389331445,5.9417333036598,5.80512095703384,5.29864633209943,5.57747095082511,5.50163111326012,5.62184892533574,5.50279512314703,5.98404839817986,6.51327062859546,6.37695539474316,6.4509093253929,6.69826194287917,7.04904629470251,7.34149516034638,7.59360185249933,7.66646610767643,6.73472918425817,6.86977104340475,6.51445806373845,5.88693217965329,5.10479723103941,5.5420184062391,5.7925150165956,5.57218584746911,5.51347160933928,5.49074398003916,5.25547253936367,4.91850059177428,4.74379524568294
West Bank and Gaza,,,,,,,,,,,,,,,,,,,,,,,,,,,,,,,,,,,,,,,,,,,,,,,
West Germany,,,,,,,,,,,,,,,,,,,,,,,,,,,,,,,,,,,,,,,,,,,,,,,
Western Sahara,,,,,,,,,,,,,,,,,,,,,,,,,,,,,,,,,,,,,,,,,,,,,,,
Vietnam,,,,,,,,,,,,,,,,,,,,,,,0.004445367740268,0.010725384655428,0.022677980289943,0.040237500805309,0.057780166543451,0.078442447897604,0.08821452293334,0.097568529042839,0.103394125665182,0.11781587891531,0.132700733607758,0.157101376258692,0.187441667607406,0.205693363760715,0.214518014615556,0.214408273227692,0.217174236433424,0.253236582825162,0.229614443139281,0.206752917691439,0.192891391193056,0.1786337244435,0.193976870346733,0.176747578172841,0.178627587108189
Virgin Islands (U.S.),,,,,,,,,,,,,,,,,,,,,,,,,,,,,,,,,,,,,,,,,,,,,,,
North Yemen (former),,,,,,,,,,,,,,,,,,,,,,,,,,,,,,,,,,,,,,,,,,,,,,,
South Yemen (former),,,,,,,,,,,,,,,,,,,,,,,,,,,,,,,,,,,,,,,,,,,,,,,
Yemen,,,,,,,,,,,,,,,,,,,,,,0.047134138574661,0.117949537850816,0.743868722400796,0.745279796049711,0.728680090744029,0.751499874133779,0.661582564415498,0.713543203746518,1.12807445000388,1.09969832644603,1.0768250088816,1.09232986959478,1.07681958352104,1.11371126247199,1.20346969044219,1.17752358960944,1.1442239235826,1.08868543552176,0.992769777693269,0.949506275811553,0.841388531578696,0.732219335600098,0.6569986132095,0.618374092069106,0.58924602692983,0.434133257728872
Yugoslavia,,,,,,,,,,,,,,,,,,,,,,,,,,,,,,,,,,,,,,,,,,,,,,,
Zambia,,,,,,,,,,,,,,,,,,,,,,,,,,,,,,,,,,,,,,,,,,,,,,,
Zimbabwe,,,,,,,,,,,,,,,,,,,,,,,,,,,,,,,,,,,,,,,,,,,,,,,
Åland,,,,,,,,,,,,,,,,,,,,,,,,,,,,,,,,,,,,,,,,,,,,,,,
South Sudan,,,,,,,,,,,,,,,,,,,,,,,,,,,,,,,,,,,,,,,,,,,,,,,
Christian,,,,,,,,,,,,,,,,,,,,,,,,,,,,,,,,,,,,,,,,,,,,,,,
Coastline,,,,,,,,,,,,,,,,,,,,,,,,,,,,,,,,,,,,,,,,,,,,,,,
Curaçao,,,,,,,,,,,,,,,,,,,,,,,,,,,,,,,,,,,,,,,,,,,,,,,
Sint Maarten (Dutch part),,,,,,,,,,,,,,,,,,,,,,,,,,,,,,,,,,,,,,,,,,,,,,,
St. Martin (French part),,,,,,,,,,,,,,,,,,,,,,,,,,,,,,,,,,,,,,,,,,,,,,,
Antarctica,,,,,,,,,,,,,,,,,,,,,,,,,,,,,,,,,,,,,,,,,,,,,,,
"Virgin Islands, British",,,,,,,,,,,,,,,,,,,,,,,,,,,,,,,,,,,,,,,,,,,,,,,
Hawaiian Trade Zone,,,,,,,,,,,,,,,,,,,,,,,,,,,,,,,,,,,,,,,,,,,,,,,
U.S. Pacific Islands,,,,,,,,,,,,,,,,,,,,,,,,,,,,,,,,,,,,,,,,,,,,,,,
Wake Island,,,,,,,,,,,,,,,,,,,,,,,,,,,,,,,,,,,,,,,,,,,,,,,
Bonaire,,,,,,,,,,,,,,,,,,,,,,,,,,,,,,,,,,,,,,,,,,,,,,,
Sark,,,,,,,,,,,,,,,,,,,,,,,,,,,,,,,,,,,,,,,,,,,,,,,
Chinese Taipei,,,,,,,,,,,,,,,,,,,,,,,,,,,,,,,,,,,,,,,,,,,,,,,
Saint Eustatius,,,,,,,,,,,,,,,,,,,,,,,,,,,,,,,,,,,,,,,,,,,,,,,
Saba,,,,,,,,,,,,,,,,,,,,,,,,,,,,,,,,,,,,,,,,,,,,,,,
