Oil Consumption per capita (tonnes per year),1965,1966,1967,1968,1969,1970,1971,1972,1973,1974,1975,1976,1977,1978,1979,1980,1981,1982,1983,1984,1985,1986,1987,1988,1989,1990,1991,1992,1993,1994,1995,1996,1997,1998,1999,2000,2001,2002,2003,2004,2005,2006,2007,2008,2009,2010
Algeria,0.108110356770887,0.138431753840377,0.125510742423084,0.12992970046183,0.133069263938799,0.147822832298561,0.16151474856255,0.172184008954664,0.181964688486618,0.195566426655472,0.210885184004814,0.234496114302007,0.257789157997334,0.256514189473034,0.297712753113515,0.290731069295477,0.302894346039071,0.310763803187635,0.33767175637043,0.362057325432148,0.360480250560473,0.355022132628235,0.348655275323558,0.339834385656359,0.346723095820108,0.361908934446972,0.349741771870719,0.343136178824518,0.334156511342716,0.312420205825458,0.298074434908945,0.279988904658046,0.273091771248402,0.276911934186556,0.269444078061039,0.278314277473309,0.283872547003904,0.30990544830571,0.317546244277728,0.32713866827213,0.33566180028739,0.344978314237016,0.380591215192438,0.407019826985153,0.426321269757559,0.42009452521537
Argentina,0.984543492406116,1.00247493459026,1.01216211451579,1.01975890842098,1.04463015176671,0.914884396088321,0.963689487932631,0.934253625456262,0.919387636847077,0.901413470894421,0.840224932723912,0.864426282303408,0.890845099089834,0.856462628412166,0.910406134453587,0.814758359449206,0.75619116196065,0.721318462152763,0.718249775629718,0.704119764507675,0.626337539664969,0.664698018083421,0.6962628701259,0.685931193196914,0.614064490845468,0.56086490097769,0.584917092225051,0.584942950098752,0.575951381369597,0.564433507245946,0.559142462694189,0.577037855151256,0.592609325920822,0.610771237196704,0.574532260708914,0.54886571497991,0.512276568975336,0.454280626300211,0.462037420820699,0.479932879817932,0.508693841608841,0.526753639120692,0.589127111298787,0.609841095516784,0.591576106016429,0.635943800978195
Australia,1.48788315390031,1.55970520538701,1.66597111055407,1.79800071387823,1.88042367771698,1.92098559107606,1.98670341589333,1.94788883646807,2.09364857567542,2.12135832088229,2.05771242221572,2.11615103048807,2.18001174452599,2.14151123486698,2.15101783819715,2.0184340932424,1.96059351976062,1.88065131052924,1.77788908606979,1.83087960266001,1.70666897376235,1.75271571349472,1.75629834206441,1.80421949836877,1.84309786165522,1.84719919153742,1.77891881896002,1.76206136078623,1.84369823165963,1.89969566703557,1.94768681765558,1.96101047198697,1.99944367531,1.97668754501631,2.00676655674768,1.96776817540025,1.96603190516984,1.93684458380566,1.92917179936412,1.92954742635505,1.95252740703565,1.99641337534006,1.97595983482566,1.97366687650081,1.92673828775973,1.91302610912404
Austria,0.761418351503127,0.829780760381661,0.88252421231213,1.01601154680286,1.11053190077903,1.21498952304261,1.35067529096469,1.451278149156,1.5668874603709,1.39805957628528,1.40951412799739,1.53247172637814,1.46614114212223,1.5856841715732,1.65472316669338,1.61456168253542,1.46414029342983,1.38787362488622,1.34027400804085,1.30049689046161,1.30099114757208,1.37064176995461,1.40665981573679,1.38867430321383,1.36001857202897,1.40616409880278,1.50578198779545,1.45611065721039,1.45555431541687,1.42699179362544,1.4199261456944,1.46260318493997,1.48779039667678,1.54348287518852,1.51089071165407,1.47275754580552,1.59258964381326,1.61325062702128,1.737840128789,1.68039960159075,1.72129040659382,1.71577941712574,1.61183511049567,1.60888421524068,1.55323306058959,1.54879096611674
Azerbaijan,,,,,,,,,,,,,,,,,,,,,1.22950739795846,1.26906437531601,1.17681076871215,1.18746019147009,1.14079275729708,1.17878023631625,1.11919776951977,1.07374167749474,1.05592710995329,0.945795389280073,0.84651268455406,0.756120535708595,0.71294157012934,0.745017834287571,0.711752448468227,0.779831834967117,0.487214495479685,0.442619379216961,0.509984023604429,0.539997556508109,0.622620053186448,0.559487154204819,0.509692085216526,0.373484950131938,0.352943615933816,0.35917260997566
Bangladesh,,,,,,,,0.011057253215583,0.012707926004532,0.013900168900708,0.015853862692345,0.016751343296048,0.016058829594348,0.016906294770951,0.018112719474081,0.019745877747243,0.019340372408462,0.017227126427474,0.015275589121503,0.017678144094107,0.018594853659694,0.018033124191627,0.01724327458406,0.018438508752575,0.01946794240025,0.018136728817788,0.015737400830365,0.016538814433731,0.018509401089045,0.01891203396796,0.024258012923852,0.024122669838063,0.027122571460356,0.029614589672473,0.02581459815683,0.024824010536122,0.02938354809155,0.028867975842777,0.029234932296849,0.029062260609637,0.032392540804465,0.031548222817869,0.03154276034398,0.031890914315056,0.032646366498516,0.03228146619272
Belarus,,,,,,,,,,,,,,,,,,,,,2.52037730048188,2.96140896243853,2.91409164190428,2.80999891526319,2.62131889312658,2.41732214392234,2.33360383691143,1.99087651681379,1.40981713439888,1.14707610233508,1.01350650963561,0.961407620236474,0.864530551678681,0.846377260185152,0.74726555025675,0.693590354162586,0.727186629916052,0.710401276353624,0.725050708681361,0.753334393559229,0.7195854048131,0.81509095541568,0.782568007246541,0.795811042394705,0.965129157112234,0.687828079664248
Brazil,0.176302634195746,0.186982988664009,0.188159111943781,0.220351425236826,0.235884712773634,0.262122049947926,0.283981713630916,0.318835564889497,0.385539128572134,0.406604161650075,0.41073572535798,0.432290190346961,0.434223052644817,0.466873945607033,0.48497842334732,0.463188872039623,0.432233861005651,0.429427051112777,0.408232089793957,0.408287012900715,0.410757102458595,0.444831306044814,0.446269974555919,0.449366003938648,0.448838451378552,0.429381774456094,0.42785628882342,0.440088393933212,0.440061992858272,0.453921477758914,0.470215861950907,0.494678133335715,0.520341235236458,0.531384410459485,0.538166266267343,0.525159651644289,0.525169556114929,0.511050619405318,0.483375122987651,0.480579001929137,0.484690305954402,0.493850675636888,0.525743488720705,0.549986565174316,0.553696649859455,0.599651788515833
Bulgaria,0.451238070743939,0.511280163987124,0.638590085348358,0.751659915647054,0.916979240898602,1.0584750326636,1.15780851633787,1.19685632567436,1.25597060688421,1.29978302009261,1.37202194409489,1.41989560323518,1.47162368691425,1.51129944625035,1.55348570003171,1.57670182686162,1.40148185583334,1.35324311712552,1.30162357234248,1.24711924054716,1.1564193943206,1.21931245336585,1.17306413947063,1.24809883597122,1.22174785535091,1.00080338681119,0.673221675679175,0.6893774380774,0.722648220950951,0.684026016183961,0.667853429806104,0.678350361192557,0.539887250658941,0.590262283580746,0.55199917788939,0.489748016464327,0.507061045242805,0.571163153236182,0.666189037740126,0.608921606638953,0.637282169860507,0.678976060924479,0.692317941625984,0.713568466730828,0.74244226914752,0.560423530742967
Canada,2.73579562562363,2.82451532475501,2.9541699787634,3.08034945629876,3.1455867607508,3.29762297533414,3.33461369654829,3.46377728997323,3.61053197629698,3.62850218893434,3.50561950010785,3.64860230721696,3.64246798022114,3.66859878062061,3.77313737810064,3.67527255463788,3.40042444344332,3.01258628111788,2.78981040450074,2.78849564937511,2.75506462433252,2.72649089072931,2.79229088509912,2.89377011763698,2.96334127055622,2.88121081032375,2.683756524777,2.70494475441942,2.68647595174822,2.70426121078428,2.72246773370311,2.77622823599931,2.85518623266103,2.88052336636296,2.86965205135641,2.87161939084105,2.92354151335947,2.94807892160174,3.03455753539184,3.15055235625409,3.10800472056656,3.05263859746381,3.11810651522042,3.06138231587814,2.88340633211472,3.00735585130469
Chile,0.385640138368329,0.417673558280378,0.428348883803145,0.444235100581399,0.465201630812028,0.479975509450621,0.53081380821329,0.541610626690644,0.50111510244431,0.48001822997152,0.413288184526552,0.423209473459876,0.433592282206634,0.454672944668484,0.468104376930204,0.452999633145439,0.44578806500487,0.428635599362,0.408896983740241,0.397709508977394,0.3798558298867,0.393155008835428,0.404108018816305,0.440730365293379,0.485177315868802,0.502509095323632,0.50918457121603,0.537417717735874,0.575043128234618,0.621521577945226,0.671297157358772,0.725594122906322,0.754175966395773,0.758552903413102,0.752385327383143,0.701434906503448,0.674369720972559,0.661556383300016,0.656336833441386,0.687673771149382,0.720562656984911,0.744968159858864,0.969642440378774,0.999897949420422,0.920042579098744,0.85896155171229
China,0.01543031063375,0.019343017476284,0.018590871609998,0.019748813130761,0.025718509356359,0.03460619890624,0.04594518482645,0.051497776126098,0.061288497933625,0.068959819058884,0.074586825623749,0.08383609355873,0.087221000554268,0.095291891134592,0.093900176989465,0.08681199058919,0.081407285055826,0.079305362053879,0.079783201886773,0.081333300654812,0.085003565099474,0.089097326766635,0.092969629628838,0.098012390285668,0.100985771873866,0.098538656598584,0.104968169468899,0.112634092301075,0.122640303863001,0.12327192457998,0.131949560794579,0.14174628574431,0.158377042208389,0.157760465399826,0.166421462765736,0.176209165150138,0.178328784239634,0.192397929786113,0.210077859069519,0.245178175994596,0.250694908632628,0.263274148072596,0.274536178619099,0.28285532099976,0.2908063779493,0.31953236898534
Colombia,0.18193839951657,0.205192414999566,0.20042690269134,0.218878533044132,0.202805822158203,0.225365334929597,0.238407929048849,0.269056849406844,0.255610325661442,0.277649169289739,0.271028214855176,0.283514009103855,0.275613183533151,0.271661192417759,0.282436402991984,0.291796369445906,0.293389160711262,0.27348172984773,0.281558587768397,0.262674459932693,0.256855318073669,0.257845432077839,0.276007927001388,0.281011805441314,0.274621645794224,0.284700437043632,0.283043078530259,0.308487740742984,0.307202310803267,0.311135004461846,0.324085556282543,0.328890810487354,0.325929381861373,0.311531755726116,0.27184856229576,0.262824574266187,0.273683553780575,0.243511536161232,0.239361175717941,0.238393518079866,0.240182550607267,0.248182510560333,0.240298462806698,0.238275828647972,0.229990578709741,0.237607469048225
Czech Rep.,0.412643896266879,0.455115496116066,0.505474361365636,0.556291118843079,0.596000049982475,0.713463861941882,0.782606561532275,0.854242436418347,0.956912078069475,0.977523497174546,1.07322915188579,1.12802024784404,1.17230232976789,1.20563471244663,1.21905394722155,1.13042734246472,1.11121404630548,1.0123802246519,0.990713192170696,1.05010795202934,1.03127471884828,0.988109771636745,0.997101512312699,0.956920053387906,0.910628156739105,0.819880734384849,0.688358447016774,0.657380472619716,0.665993341229387,0.683648176067935,0.775728130595987,0.811734918743094,0.773991101773274,0.803700309776317,0.798999252948369,0.774878964823404,0.818916962269873,0.797590479455409,0.852997457577348,0.935631585628424,0.972052820968711,0.957324816674393,0.944875782043482,0.95448177132544,0.929142358498563,0.876778335188545
Denmark,2.14641649305172,2.41088133354272,2.5346044313134,2.80325815283483,3.36740353379288,3.72917505291452,3.70875018627436,3.8852754096691,3.5754291103226,3.18035100755108,3.09748949997698,3.29709599203783,3.25388954517968,3.14850107034941,3.10228755602818,2.64589717092984,2.50051467983987,2.14281698543111,2.02637313005397,2.02542246312953,2.08694250993556,2.04607901337695,1.87380761694588,1.85802770661553,1.79937065885503,1.74848094760704,1.75614612346214,1.73703219619338,1.83034536162901,1.94701875703535,2.00635766975123,2.17802779830237,2.09869235322607,2.0171147183521,2.00132017965269,1.94006893153499,1.83381238616855,1.78512010132377,1.71455516560816,1.67676490848623,1.70183509599878,1.71074940782458,1.69551647154118,1.62406645284095,1.53849662453841,1.56752746145954
Ecuador,0.128441942881615,0.130319083730483,0.136550607192593,0.158299673184906,0.163149355128891,0.180997323717648,0.194124561634548,0.19390344208611,0.20905574901776,0.2319973346382,0.220043024201837,0.240395469537083,0.291312994555413,0.288749736231833,0.298970502696807,0.372212911314431,0.406776030364785,0.433533887879068,0.386681919184522,0.377463914325625,0.453215808167389,0.448532215327639,0.441202288267367,0.426748284275832,0.43372421702008,0.407384099954515,0.45170828640745,0.426189299842121,0.437315841186607,0.467618137569587,0.443848859142417,0.490242034020156,0.553507493839182,0.555286779993889,0.496123372473327,0.470878021045404,0.473708010397676,0.461722282858355,0.474515229143966,0.479564980165978,0.561812166803884,0.601607380451253,0.642814176545506,0.660192334780326,0.708197122251512,0.732816540969042
Egypt,0.218310737573969,0.228588360847764,0.181350652979062,0.185153643950419,0.133371737554173,0.169110378914978,0.170443590327838,0.190274710910176,0.175009748292919,0.189005648415972,0.204773280620202,0.236685190759685,0.247034613514871,0.249944340321679,0.267842956363252,0.292864710051591,0.329188475774359,0.365705478158587,0.393358704797176,0.414130136432019,0.410642597532058,0.402449122662069,0.408283472981441,0.404932824727026,0.411571505972853,0.417921029356595,0.403244829298314,0.384920629271336,0.360060774646657,0.351733050033146,0.375097822708596,0.389714922718132,0.404395118548113,0.418424962816495,0.418495314032191,0.402078871939343,0.378614386893793,0.359731134749663,0.362525427655177,0.368192748114291,0.401855903413349,0.379311721519561,0.397184502546946,0.416453352104759,0.431530839470616,0.447479266085188
Finland,1.25350514745611,1.51280178188514,1.581555946478,1.79234435328711,2.08117383166018,2.33673570852614,2.40938366027734,2.55470547034249,2.84287706355989,2.46415245390025,2.53489809467695,2.71343782163367,2.63915547024952,2.64105207556798,2.79289317656011,2.67685576362991,2.55179831899166,2.34430540369233,2.16433580914613,2.18230931693186,2.19370626203795,2.28601293334677,2.26528367695402,2.22813042428991,2.21659590375654,2.19675716608298,2.11033386835318,2.05451454943487,1.95677317355653,2.03956929581186,1.94349741826328,2.01300364845936,1.97849611334868,2.03978859349131,2.06606166801789,2.06557814345388,2.02905202905203,2.0935850407086,2.18094094820265,2.02312752591959,2.09478519898206,2.00433104390179,2.00881875219618,1.98110220313472,1.85339600183168,1.93865426822699
France,1.10526514744174,1.17109067529484,1.3335791087066,1.43487888284538,1.646293651252,1.85709288844843,2.00869245004656,2.2128519965132,2.44841865483049,2.31111773550761,2.09478411319433,2.25491712360301,2.15319846806493,2.22643945371765,2.20595935418812,2.0395454407016,1.8288125835251,1.68178472971666,1.63449801494421,1.56192436909352,1.52492340787278,1.54817214832187,1.55000121351134,1.53126208650983,1.56616607876678,1.57648991522575,1.66171966574161,1.65141867712488,1.58654324559612,1.53095051052854,1.53931658948877,1.56734083083395,1.57307947279391,1.62366274505165,1.64162415943526,1.60781617670905,1.60722079139637,1.55377212411754,1.54669313133729,1.55205174487168,1.52573493307961,1.51510641464504,1.47915130904735,1.48437126726572,1.40123824621341,1.32829141095398
Germany,1.1357266694487,1.26076436780257,1.29919697701103,1.45030269967382,1.6224494760307,1.77498101012486,1.8372731534186,1.93807869381674,2.06305635153921,1.86824060250343,1.81276914140874,1.95851645115675,1.93982463499806,2.01356035184827,2.0805392251286,1.88171768660452,1.70814638162198,1.61574334104532,1.58253002861528,1.57646984467709,1.62628825752761,1.7132567255094,1.66061509010574,1.65307582440432,1.54645280535916,1.60910324842973,1.67154826169062,1.67330599379184,1.68446236355981,1.65820821286713,1.6495291356864,1.67099079756769,1.65745898632606,1.65865483191492,1.6078882173027,1.57597490496154,1.59725906852882,1.54589188430235,1.51699519438356,1.50238093988825,1.48287986614707,1.49694428396928,1.363257975573,1.43432084024313,1.38219155997913,1.39850003277545
Greece,0.518652485877391,0.562897286658264,0.657991145745444,0.668608063792683,0.707688920072424,0.762765662966982,0.838278288467804,0.967904376548847,1.12206168511673,1.04699525741254,1.09909375337145,1.15563005717932,1.16061954483745,1.24383053887773,1.2987335800609,1.28597302111568,1.22530123701972,1.21495047553147,1.15901176324844,1.18160007391445,1.20572256180914,1.2192377853612,1.31953621075167,1.35997738182701,1.48213223757982,1.54510097484366,1.54023584355115,1.55140998233157,1.59236718766052,1.59615908026132,1.64929863343694,1.69703479641952,1.70865414478885,1.67741518203143,1.70814250862071,1.81561958928661,1.82326684278436,1.83043336361027,1.76886622640912,1.92307330024838,1.89669889799925,1.97703956574831,1.92808685577294,1.89783619220555,1.78341312782764,1.62861488680774
"Hong Kong, China",0.557648197638939,0.600511636948708,0.713566033436618,0.776505002071531,0.917579006606823,0.983807349601778,1.02280247879189,1.15010873062556,1.17058384285677,1.17098943776482,1.07227944107377,1.23012691842283,1.28895100065289,1.29552757806541,1.2863638133811,1.28483835336478,1.33581266789857,1.28101410110028,1.12302638790715,1.02554747731581,0.9527890179015,0.915469688075073,0.882750371242178,0.996548840637224,1.04858679336391,1.08407922390905,1.07016001863048,1.36368693603133,1.40414218596882,1.47668064809267,1.55721157570672,1.49578441177592,1.447122273725,1.35560478133294,1.39048351053307,1.43322212422035,1.72502943020286,1.88597942360467,1.90656050592233,2.25962990426208,2.03528443099923,2.1778174968524,2.32135496844072,2.09159692352471,2.00344133980998,2.28265540594474
Hungary,0.372354603465521,0.407320685030041,0.429006985495567,0.447091430539284,0.49767953874496,0.575061412913871,0.645047576967002,0.698400817029858,0.781559676849273,0.852578228252335,0.955205800320639,0.994260713783798,1.05313329767616,1.16041035698618,1.08819650682277,1.05425659253875,1.00789723732327,0.956112047293088,0.909839848802289,0.957735040243862,0.979368848235675,0.907382955215843,0.955717529231759,0.886051019893528,0.858679028567665,0.893958551779436,0.773490080091066,0.78143903592253,0.74321501033408,0.785985726561087,0.740557695794076,0.685767384174102,0.690483320834154,0.723917489577673,0.697538892115613,0.670777123062481,0.657066414470464,0.629769472677819,0.622328867701882,0.642210446221032,0.744428238664348,0.770547383745713,0.770320591179232,0.772110159704471,0.709840498839911,0.671097580092241
Iceland,2.5,2.76967031160076,2.60414022762115,2.65464965148314,2.6437705227027,2.69474426876889,2.63029382896321,2.6511286369575,3.08454763886342,2.73800960623709,2.63723965858066,2.6650322346318,2.66831054995095,2.6908110809653,2.71208937064484,2.41497194950912,2.32928347423257,2.24337389707932,2.07325501036628,1.96948554523322,2.11269356001292,2.19560551195294,2.35378002487471,2.40455904394732,2.61322314705031,2.50006868320558,2.43628550002137,2.70893216510634,2.78978299147058,2.76698790905556,2.8712641787362,2.96165763978098,3.13008547259159,3.13125888943717,3.23272378530404,3.2431279115252,3.08107270627342,3.17661786089134,3.07879222984634,3.25934116940383,3.41709829717971,3.3022158732268,3.40078699206139,3.05150869422467,,
India,0.025467345430044,0.027855592028143,0.028116969410233,0.030804770029147,0.036185384015421,0.035215597670494,0.036133321250421,0.038096399338588,0.039280461205788,0.037580238866706,0.037529536104183,0.038607984071451,0.040493389561087,0.042994834875093,0.045336942838726,0.045186217913561,0.047503583742459,0.048288773889598,0.049628447481009,0.05205522573233,0.05523710095049,0.056766906650417,0.057324953670532,0.061513692316418,0.065210377986304,0.066312617358114,0.066041403406787,0.068209445242247,0.067507262840224,0.071202346068696,0.078002156171948,0.082501380884444,0.086454745370326,0.090848916668815,0.09679339920877,0.100718465376274,0.099838127155162,0.102197671825857,0.102240223399581,0.106993715310464,0.10488728412428,0.104064814145594,0.109479647586066,0.113372338587165,0.125026867425117,0.12697875236038
Indonesia,0.058763265999336,0.055166699792582,0.051727557178246,0.053289580569209,0.055408666782193,0.057366510495706,0.057904999427045,0.063931766364669,0.072535122019154,0.07633912056462,0.084634589525895,0.088075536783092,0.102851662200853,0.112472184935738,0.119400003314707,0.130698808176982,0.139218540108548,0.14060737416014,0.133361709079916,0.139113768129642,0.130716770923641,0.129146189725229,0.137817482161917,0.140494632789309,0.145719144175418,0.161630900703654,0.171740149583734,0.184470892376,0.194413507402388,0.188148467518543,0.196007689856497,0.209624347315673,0.22365270834101,0.209493597810504,0.222125387459402,0.237596347550306,0.238463517010594,0.247252859261943,0.243482326289126,0.258592542885585,0.256059440190136,0.23997344155102,0.242428080005783,0.244124524520852,0.249352929148859,0.248466950577122
Iran,0.399982253156488,0.430093876767616,0.462413006426369,0.497208844495625,0.534595612382283,0.57504687999736,0.618771540166379,0.666772877884794,0.758945205491381,0.785754431263982,0.866643798085656,0.885794720491812,0.911873411243776,0.892922695934293,0.924852082478792,0.803208354009759,0.700937458239225,0.733771970512652,0.850534432350691,0.889335707485041,0.93816331229158,0.87603306367402,0.872141425764728,0.73781991095052,0.816950258216239,0.858000725087976,0.874507738283295,0.875574942684248,0.879023295023421,0.908726785198539,0.978917539424678,1.00395575575683,0.965214516881651,0.910927515725841,0.914223705362993,0.956988334007552,0.943904121680828,0.998419439139986,1.04305108769331,1.06915570032817,1.10809515349243,1.14422370571479,1.13864900892831,1.15186436120946,1.16356738438857,1.1625764478504
Ireland,0.843215196240596,0.9364599459042,1.04228799972417,1.15386462327898,1.24367983436678,1.38406085682851,1.5093863818991,1.63994408922559,1.75060789948444,1.70770486954341,1.64334046641093,1.64043059989047,1.7228564094491,1.81267486116129,1.87997805606716,1.6724218341751,1.46643576747768,1.26763568713235,1.14327637679514,1.11891398923492,1.11202191899897,1.3759993940968,1.20432743684066,1.08825446531044,1.1206202049296,1.24857733264349,1.37097590304911,1.42957685764694,1.44112988621271,1.56467601699062,1.58212862071506,1.64932552452867,1.79243894862474,1.9858704012505,2.2242394916481,2.15995667467624,2.31955962771159,2.23208557589968,2.12791104164911,2.18348199906209,2.25466698027581,2.20588165703994,2.19422835914317,2.07472502025103,1.81316224334405,1.70026175082217
Italy,1.01625714069319,1.11210943090441,1.22027930811962,1.33612240652877,1.46042797107645,1.63775665088638,1.74712840942227,1.81580689229906,1.90228737947307,1.83922002394463,1.71576576213571,1.78446980187688,1.72690667249061,1.78650247113892,1.84125257203509,1.74128354601508,1.69678240510188,1.60489599365099,1.57532207581524,1.49641396536652,1.48653896987961,1.52176822109291,1.58631828460954,1.61355889252385,1.65079354799926,1.64733699990833,1.6259304922981,1.66012381300523,1.62720469735949,1.62323672820793,1.67681741686773,1.65408750398809,1.66204650165324,1.66556666679918,1.65966058428049,1.6412181946305,1.62238229161835,1.61563183497164,1.59122203294423,1.53884620809545,1.47728342246791,1.4675003088922,1.41144057517338,1.350843247668,1.24650087618555,1.20724981423877
Japan,0.902799430215533,1.01514894667027,1.23255082270142,1.41265200304875,1.65143612593265,1.92020488767908,2.08918246694779,2.19810917328709,2.48934232018313,2.36485182940442,2.20213163136374,2.26320790717989,2.30276248453087,2.30292312703269,2.30538277093391,2.05046490743261,1.91685852657038,1.76550827026617,1.74763118874162,1.82662046777538,1.71964379827354,1.72942649356331,1.72925806466193,1.85027873051451,1.91159328984011,2.02629239975295,2.05475414675419,2.09060629075179,2.03741843582876,2.15504338720354,2.14949821604699,2.15373125948193,2.11878008855784,2.02360663441702,2.04979472143986,2.03195617293692,1.96623007664177,1.93226384227781,1.972527896511,1.90932469409557,1.93143090383724,1.87780105338254,1.81248475779479,1.7527309967455,1.5701092292672,1.593223489425
Kazakhstan,,,,,,,,,,,,,,,,,,,,,1.29904926501277,1.17077265611001,1.1195009771821,1.11359964523399,1.12914035076749,1.30060496067756,1.31407795328423,1.23547683289226,0.963556690274828,0.763021757224219,0.755375551940609,0.649162859941713,0.665173320272688,0.556822454016128,0.464117978259653,0.49476174347085,0.597409016956079,0.62409116723771,0.5882717858434,0.597867923269896,0.659117356174826,0.715309548192297,0.749969000573982,0.695794120155129,0.763836037607499,0.779964666976614
"Korea, Rep.",0.045324657670292,0.066427085621756,0.11286575368336,0.163595721405822,0.217706449413218,0.266513763670796,0.294786436558553,0.301404552539367,0.36354449483507,0.368035924529116,0.40879562053571,0.451821427616332,0.529674553713475,0.595960716201126,0.660384660581743,0.643974977796038,0.627309132616625,0.612371818991754,0.628721369115011,0.620475734301219,0.643817422354597,0.690386965400587,0.715674450924574,0.846854518975276,0.962562569563353,1.15231687771847,1.38082740173934,1.65358302353139,1.80008969693046,1.96090143267948,2.12361059342808,2.25663719078247,2.4620268748125,2.06417280478376,2.20120639129105,2.24325570723115,2.23128681815847,2.25482647706688,2.26497306575034,2.24051370661796,2.24069408792928,2.23260603591884,2.27924929935898,2.16363870654663,2.1474473637196,2.08784801064196
Kuwait,10.6380561952066,9.32241673480207,8.23059960453678,7.31345469959202,6.53019623605748,5.85414171563928,5.27128763158187,5.34553550708487,4.71235914494211,4.04583192608014,2.93712093820848,3.27932599994803,2.99932990084229,3.07191730121847,3.24745285080514,3.15549510044932,4.0319596264506,4.34144224653289,4.60642172302138,4.67119408227061,4.60425823568682,4.46176883450928,4.10826112002378,3.79061674438877,3.57946773535552,2.63162054465061,1.80895754021164,2.88865778240684,2.80014877704379,3.68284947663835,3.97380446474039,3.84185440876594,4.12136677602972,5.16756601063791,5.54700931555117,5.35195534180482,5.24933468949854,5.52416253425425,5.71613693150134,6.26677049625825,6.7255008140409,5.77333260753725,5.57244942230182,5.99368454345575,6.4996753941184,6.46756788753886
Lithuania,,,,,,,,,,,,,,,,,,,,,2.41459900248984,2.00315361722567,2.17862340560117,2.0777414294533,2.11837996077738,2.01818777073993,2.2197915413206,1.17400187482571,1.03032279455118,0.961001938978841,0.872116092567201,0.91147610850478,0.912184299806996,1.0580830104997,0.875492233802117,0.677708864043373,0.78744185431636,0.73070660194859,0.702025139462226,0.756571854804403,0.813028361577025,0.825893678292001,0.82615107295172,0.911870025558076,0.778187523439158,0.812369437939638
Malaysia,0.208683861088235,0.240450327807852,0.23912084225916,0.236117040807771,0.237950177630935,0.261427052548396,0.279532256511175,0.308783166597113,0.34531280656624,0.340981654671474,0.364500627642792,0.38768942814976,0.425461047354008,0.454539734550614,0.53430081646941,0.582392909033784,0.591589985541027,0.620059363962263,0.644130582836339,0.611729620334339,0.593547260724833,0.577367597094704,0.572095909738773,0.584881442612985,0.615820341546173,0.714169520909998,0.742097910740209,0.728842563564724,0.78622741090254,0.867961538686154,0.86922417608192,0.899907196755586,0.929412066635083,0.842032244850565,0.878716475965355,0.858668124655108,0.847169959416425,0.90122602096656,0.867904002620252,0.873981949440285,0.825011845676061,0.791641758775868,0.815091429411742,0.792699645785864,0.876584269534278,0.890813170528365
Mexico,0.316915313074422,0.319295065023409,0.331769359860448,0.353343721837623,0.361542689613169,0.377899155621633,0.387504623475236,0.420942165004717,0.434319073404732,0.485740659963792,0.530530704553775,0.571976196882582,0.573949656357569,0.62583378243975,0.653333294615521,0.707626340083376,0.747542755034224,0.748125410039782,0.71225927209872,0.746598891255584,0.758501912579002,0.737216126705677,0.761617051068578,0.74828947548548,0.78502215233441,0.803566961458131,0.819889260250236,0.813714487639227,0.817643842893293,0.878132442449213,0.793820502735862,0.805895069159147,0.828435517123108,0.853962363822172,0.836056389726139,0.857006281958288,0.838738609528714,0.793897524540394,0.805206269731406,0.810287819840059,0.823420647870072,0.805266800536919,0.818101803418257,0.813807618559631,0.789943217721142,0.770566503742106
Netherlands,2.07034302798517,2.21395197218298,2.236108240449,2.37645413879957,2.56693626298585,2.81739984784034,2.74775218097294,3.02764040701282,3.09044256125461,2.62441905980727,2.5608027044453,2.85761943963089,2.72141678133182,2.75800016632385,2.94971895655915,2.73780876209534,2.52099837832454,2.1748636136405,2.03673176049818,1.99433330041436,2.01758244221712,2.2261881479257,2.21802057726423,2.34391457268009,2.29330357788614,2.34754631080535,2.39057943908281,2.41718224194083,2.39084517504292,2.37537427924809,2.4639212458173,2.40882297632254,2.52803169484815,2.5082365642589,2.57043629336874,2.62670741182608,2.73790377326629,2.73066044453003,2.73031320616824,2.84565430172318,3.04084571196011,2.98966134913392,2.79508270845052,2.8157603741757,2.98322365457217,2.9976546061431
New Zealand,1.03424500114916,1.12943327856044,1.1722449378063,1.18796376874841,1.21698460899956,1.40977593606462,1.42867837674559,1.50721171973983,1.56481490771304,1.46416227125597,1.3897599435375,1.42097001939524,1.41655632426097,1.34081816555039,1.34519685531523,1.30542774284177,1.22963650487915,1.21644973727969,1.15463085428742,1.15415160874415,1.10174995694019,1.1014872133204,1.17202398606793,1.18809480802617,1.23780472020445,1.40545141043966,1.3242755016316,1.3330183764496,1.30200017898568,1.41082419073025,1.52483496868078,1.4902637422115,1.5701850495092,1.55675345648307,1.56828253610407,1.57919115238028,1.58178369675671,1.62617510748419,1.72024306793054,1.69431962207628,1.72156641914102,1.72712199064112,1.70570738868001,1.71289788768035,1.57311709450825,1.57962114732691
Norway,1.39349949140492,1.56579037112189,1.61365457751289,1.75309779455581,1.92606008683646,2.13958744854455,2.10828646687947,2.16900167720202,2.16282620061848,1.92828776828229,2.00059291614928,2.22893538099025,2.19244010050848,2.29769956537134,2.35250320583814,2.27382814020194,2.1304321200459,2.01042619770666,2.00189691673447,2.07532351413071,2.15866838769337,2.23176422857661,2.31899795582146,2.18331518861583,2.12209559190192,2.16527937738787,2.04225636252232,2.09421273934693,2.19939392518951,2.22177048965477,2.2130735363479,2.29593634318091,2.3252008344341,2.24857903861194,2.25072911889475,2.08868726450775,2.13914500217437,2.07998987564818,2.1773942342706,2.09839905682219,2.10068656616986,2.1401098183217,2.15427647852104,2.04075908581764,2.13073970594137,2.19122604421648
Pakistan,0.072644312003262,0.072677278773774,0.079133999856409,0.087739240966689,0.080151093809795,0.077143743548936,0.070288974851522,0.056636299421805,0.056404223181395,0.059000612682465,0.059372809934026,0.05749507805463,0.058569918196479,0.060408910825612,0.06223587094444,0.063024376979249,0.064697299909581,0.069325809002024,0.073867712176371,0.077410385236439,0.080297156039392,0.083364610680329,0.087430983046565,0.091111511451968,0.094373630311893,0.095963438725592,0.098782203394062,0.105117940422541,0.111732707667627,0.11703019139657,0.12370166162043,0.126605025806482,0.126698292477206,0.127408943713097,0.12882530288653,0.129807054130483,0.124344403147814,0.118691093345093,0.10333035686096,0.10261769040955,0.096181760962178,0.108766141176068,0.116657274300006,0.115087936762057,0.120825105495567,0.118092059523329
Peru,0.312114761955591,0.381397144463727,0.374240822815435,0.366534590218818,0.351575685184675,0.35974327191359,0.346541283472687,0.286975473602775,0.325247675197709,0.37279795212916,0.379823225041233,0.374763628058923,0.36497160758578,0.353010007188102,0.359469307474487,0.379074662147466,0.377426274478179,0.362046907,0.306104637961452,0.308822805738784,0.291570793198456,0.304916143538785,0.329132657807144,0.314790140947802,0.273210410615853,0.267782162830462,0.24274406570996,0.248833040877655,0.25600319440464,0.273195057211805,0.302721729817352,0.306573502523087,0.297843027846195,0.294627374722957,0.295974143296935,0.285091339235996,0.265896261416211,0.260428698294444,0.242789306214046,0.264331153258643,0.255659605115163,0.243447526943482,0.251232706236204,0.276193888432903,0.281590626884006,0.288892973132403
Philippines,0.136443112337966,0.144400716425328,0.158298735034654,0.175801722193475,0.182987461483143,0.202615457243541,0.228010917883042,0.217442054182863,0.248410086148369,0.22584022778743,0.236814096239253,0.236636773820603,0.251702412030238,0.252216297622513,0.253238160886537,0.231196196713138,0.211264197935524,0.197740446183705,0.201106327143161,0.159631027974957,0.137735570607943,0.140986810440803,0.15957149645336,0.167451821875993,0.183005133977012,0.186374302297106,0.176176569684936,0.211570738746095,0.212848351601721,0.220019620090101,0.242522653761543,0.247559631693952,0.260151133974244,0.257344467116917,0.238140588767849,0.214409617181951,0.208764991520418,0.192765395133271,0.188260625107617,0.189578055596135,0.172689760613848,0.152192044483077,0.157481417556575,0.148968430609918,0.142852329185418,0.140466308255265
Poland,0.173802000866215,0.17867722011056,0.191810797249971,0.238058425473451,0.259937728999034,0.272495127581764,0.2872597073158,0.319727900614858,0.351835584253071,0.367987193214067,0.397122198983743,0.434718506785395,0.460812654867712,0.488578104815327,0.493448989377312,0.481375523108695,0.446868250311474,0.418123954328236,0.427847727073632,0.435384626134442,0.439521696313437,0.450852039303485,0.453835436879183,0.463097500014287,0.457219648503663,0.416305643336611,0.391240059082752,0.355498351849297,0.366397695768502,0.385981429726513,0.389015585576683,0.446939397444857,0.473649875136484,0.517561972162115,0.519276283232854,0.520985031660121,0.502994631640317,0.507055924488766,0.52130795545575,0.552113320676229,0.57426901688037,0.611364900434447,0.632970689893276,0.650941945282884,0.661451258571807,0.68710279319042
Portugal,0.308331720884283,0.327860481017194,0.364649112294514,0.394608288791818,0.4433952420581,0.530846866569855,0.622640547905359,0.663216805573742,0.699740821816789,0.72495522773086,0.741361368955332,0.764306480256166,0.754048440215508,0.77205005629988,0.834538829881874,0.864711395674031,0.89773109828593,0.955611319178724,0.953268509464609,0.954092941188879,0.879921262806463,0.951224084716682,0.895772915080748,0.878146940770701,1.14009305401003,1.11380037453112,1.15489799104856,1.28340126681152,1.19762616732403,1.19255199776771,1.28237758968125,1.19952278699945,1.36221890279976,1.51097301355964,1.54327883899112,1.50180786785561,1.51795475731799,1.55623156526137,1.44890867480084,1.46798292407388,1.51560231012695,1.35994546982642,1.3590783440026,1.29038436005,1.20106876353255,1.18026462656989
Qatar,,,0.830118087220858,0.996544589954397,1.07136062799756,0.85792566489239,0.752897386007952,0.820262019546999,0.97979353336268,1.23513566782734,1.37562563330979,1.78919088474653,2.26950668674165,2.09262219231093,2.12509530954079,2.63224636046102,2.56368519573533,2.81013395457193,2.55429924773767,2.64964756993188,3.74323788199105,4.34660275747576,4.3959024706112,2.41931337852882,2.50796066520419,2.61967989664824,2.04586209895512,2.12555407165857,2.13463025517887,2.3064836021538,2.41537703616683,2.54823173087807,2.65135111112792,2.62559490405008,2.43564321687402,2.506109581577,2.78098928225479,3.76818606379962,3.19051262433053,3.18296963137597,3.2806345053387,3.34033195139502,3.36832621508209,3.32016603870894,3.88042046233332,4.20743089152618
Romania,0.375525450584566,0.387108693124275,0.432695696240948,0.449035280670601,0.494562931571133,0.529020063656213,0.531224663829203,0.561983614978104,0.626247906555722,0.572596076220547,0.642830370305972,0.710302510351002,0.762066147397014,0.842397726578563,0.889213595884408,0.836479195062976,0.746046216985541,0.729953615413911,0.649960065448724,0.61934629901134,0.661434887299742,0.707332020135697,0.773430179384878,0.720844681546112,0.741677248394665,0.805499476250822,0.671829936821399,0.548583908205359,0.528171461337269,0.493025158268046,0.594948519361223,0.575077706167551,0.608000176626744,0.534941136584534,0.425262838553155,0.449672969823875,0.479818852546065,0.483626637328316,0.429868553265868,0.496858266395865,0.482689746239496,0.475048001225514,0.4776185931402,0.49059535486252,0.42716750013082,0.423524288955078
Russia,,,,,,,,,,,,,,,,,,,,,1.70216104041024,1.71117910475601,1.71390601245433,1.69005335927783,1.71283617247108,1.68439761821329,1.63714776051382,1.50707461725896,1.26623446355994,1.09292690621735,0.982658994134463,0.876348234140795,0.871477201920134,0.837229501858666,0.856832135707871,0.841660464996829,0.836744269235653,0.848682681613524,0.851557155022738,0.854567390232026,0.847261231241452,0.885499726538333,0.880814587671673,0.911073761325369,0.945031072404974,1.03246988375935
Saudi Arabia,4.08958952236176,3.98274419849618,3.8763553033049,3.76847812441889,3.65657874570052,3.53942222297684,3.41749372624586,3.4890314958771,3.52385749826502,3.50811310370251,2.4996466810209,2.77202171408414,3.05382961550135,3.10075787731712,3.55038868857708,3.05380465695214,3.43602255831229,3.57450723807966,3.71757166360192,3.66709835946107,3.4603886893962,3.18729686234081,3.21273298815188,3.144952690498,2.99264841720494,3.08110612190195,3.22148879852168,2.89015941811878,2.83694792677712,3.08271158869959,2.86291887045344,2.97817913288326,3.02593025397307,3.18834310164764,3.24016668332574,3.39680426450601,3.35272070174923,3.28804334253736,3.38198026709595,3.42353621452305,3.45193488521914,3.52603276945492,3.7689078839481,3.98236376479226,4.37164910950962,4.57226780767154
Singapore,2.03717783035507,2.32783907094652,2.86144048280305,3.50486578440447,3.37770976741536,3.62759926117316,3.1331226915701,3.83249622324918,3.51692769517831,3.40923620816126,3.27610318752641,3.80376964611895,3.75002858253493,3.79861577673268,4.03794795458908,3.93818674435084,4.4355691562716,4.22853782970236,4.35425722712631,4.49610288636885,4.44503842890781,5.12283009798217,5.22314464125551,5.93167087315612,6.62852957990666,7.70795432244788,7.64293192534841,7.74064058831125,8.13403824275572,9.05010388464167,9.18035404808147,8.4640533566408,8.82857814587055,8.85340908093904,8.20949813158034,8.53902482586176,9.14956106020765,8.80508167095174,8.30337367384148,9.16912290350511,9.57806131693889,9.98571255262242,10.3419272070412,10.464532829193,11.3433131573334,12.2286449914262
Slovak Republic,0.528966315112001,0.579511275020668,0.640001087435476,0.701067417891754,0.747359942624205,0.890147306738907,0.971834186346236,1.0552960749921,1.17644363940317,1.19588241438535,1.30646004646369,1.36706891277739,1.41449998474009,1.44811374349936,1.45711923682185,1.34391941965577,1.31323555980488,1.18874889038204,1.15543233394771,1.21683993770813,1.20189502672174,1.15394835215711,1.12893829778884,1.09651264177409,1.08026020777284,0.942302116555523,0.822439272127074,0.737556231606956,0.608000833658356,0.625354073122719,0.60366250479149,0.631689633172125,0.629511335564051,0.701374285932415,0.635211567478501,0.630915410155148,0.589601159228377,0.654381285175999,0.615989626527634,0.588394110958489,0.706675805872629,0.728497071810631,0.761557687442437,0.786447513316661,0.678654019979574,0.677392784741599
South Africa,0.282932231724627,0.299775957692673,0.317745965866417,0.336892025333943,0.361169387941257,0.381383134688507,0.406291124642223,0.431407675239672,0.46353622984901,0.439724287161245,0.454654692796003,0.448168281478974,0.433068194301116,0.443985086119267,0.410778373185065,0.412110030179674,0.435114588779669,0.429418201222854,0.422447206197344,0.44862605940476,0.427972936926988,0.403831582991348,0.4178536101046,0.451204753057522,0.457651448430689,0.451813937563086,0.443581590093148,0.447313264697683,0.453855904423708,0.463666896255531,0.484512975093231,0.490732349924388,0.488741783795553,0.488369567902547,0.493708932449988,0.503123521292715,0.506702232541184,0.513480213854469,0.519371468524918,0.525048960682597,0.518343238698342,0.522578799151202,0.528053499842002,0.533128296892237,0.496467413255837,0.50465945290886
Spain,0.442529953304354,0.517860292876334,0.620678953811141,0.652787761163068,0.735731585019751,0.830557484115729,0.904358326332396,0.941738428881051,1.11985709961875,1.1622401662178,1.19344393778075,1.33831665697103,1.24672637755827,1.25856361198913,1.3212628278783,1.39092021641847,1.33372191842383,1.2573649705596,1.25140296613542,1.16794842174511,1.11445667586059,1.107204980331,1.15654162017758,1.18151315190249,1.23933768705744,1.25320275640835,1.2664952625273,1.35162327191843,1.30896970238667,1.35943373535619,1.42912819223578,1.48508933866282,1.56536506215864,1.67206787189209,1.71143593154356,1.73752000479939,1.78433493160278,1.78383872287707,1.79684489459988,1.81690145195793,1.81641200512284,1.7745286137883,1.76724781133621,1.70749478284557,1.65870135778839,1.61685912245698
Sweden,2.45008955905499,2.75549299698439,2.67375734447045,2.99631759907157,3.3545598560658,3.63055881138488,3.38900663144491,3.44918360903602,3.54840741596153,3.20758655433584,3.14919532566647,3.52843854549003,3.39546138378148,3.19126521698609,3.29129636568545,2.98418849385961,2.69254523175482,2.46368186892347,2.21002916037389,2.09997160838385,2.19750162627096,2.23410018022251,2.0312237204711,1.9234769311071,1.93445564836595,1.91579946275361,1.80103145868925,1.88946285122226,1.84416929648077,1.93459003756097,1.82282689069575,1.96882232686791,1.81580300914825,1.83041236239996,1.8209572067149,1.72039918498021,1.71318714767182,1.70223406847423,1.77966450716432,1.70109818873208,1.6669212440105,1.70646793478219,1.60622194880375,1.57336812721882,1.56801928019323,1.54589380221323
Switzerland,1.3785972477113,1.44521419625911,1.54601966280649,1.69744384441309,1.8263139009522,2.02994784997027,2.13473091958666,2.17101755363069,2.32125872115915,2.05509762305116,1.96839275091501,2.04452800403839,2.0589880521604,2.12312612881543,2.0416007672296,2.03796523306828,1.87870218334803,1.76767549332166,1.92299489125089,1.8428965021282,1.86216912263037,2.02953842400751,1.89808961475794,1.89162754690605,1.80162210964917,1.91152244813926,1.92474774869943,1.92833111826917,1.78660931097421,1.82898764413405,1.68079510997902,1.72993400475261,1.81031390950377,1.82807466046427,1.76579222446103,1.70328637030498,1.81451492628941,1.70862063618414,1.65072823911282,1.63233567863853,1.65061327656198,1.68059531221756,1.50368331899022,1.59269986652941,1.6139167384291,1.48741218722918
Taiwan,0.166743720141778,0.192478042189025,0.223459594109459,0.260922503939264,0.305909536479485,0.35991231675572,0.504223086204585,0.535137265204256,0.665528790416076,0.592328109201213,0.67026423520655,0.838176291793313,0.916949657432231,1.04353669939224,1.03191977077364,1.10281264007172,0.991362711118446,0.941895032700935,0.921289155985747,0.897762406330242,0.874282463670683,0.969012067907548,1.00551675270776,1.16214457348819,1.2887965162312,1.38839639017655,1.37866982236971,1.43774181853338,1.51128636407163,1.60134689233395,1.71118107092532,1.68687487184267,1.76785840380794,1.7889289640011,2.14438445110869,2.21493652797187,2.12400595451289,2.12103336154292,2.25621376924101,2.26902745115374,2.26196731421523,2.26950324817839,2.29667754494947,2.18695227084333,1.91956124314442,2.00651465798046
Thailand,0.072343553370025,0.082968068370326,0.08950665224217,0.11474386213012,0.120791375997889,0.13688055420344,0.148035249124169,0.18102985583759,0.18645241570997,0.185264154496026,0.194580331617245,0.200146345940336,0.219833188894753,0.241326283003963,0.238770818751612,0.243920710142441,0.227856668374388,0.202276213399807,0.222231979221508,0.226852212872445,0.210649372027716,0.212224418999095,0.2349702584671,0.261258128557421,0.302158801781783,0.344213975952996,0.369978132095258,0.404905240821325,0.456544446006256,0.50351203492027,0.572387428921604,0.607320710490884,0.600734384450838,0.535059926565815,0.534701613986487,0.502461965459631,0.479335482552049,0.511687813165526,0.53648235267536,0.591958420828411,0.605360169885723,0.58357679544098,0.56337802992077,0.538253716068537,0.726281713294777,0.726249675321547
Turkey,0.157704634641141,0.139696490024325,0.16817964218947,0.18745140278242,0.203421567474237,0.217656139730335,0.246980639609228,0.270333960811102,0.328099317748748,0.322666707495955,0.339591289517527,0.380549932727564,0.402383592121046,0.362742880169939,0.341226726542784,0.33624140963282,0.341613057103823,0.356898358451542,0.343634312354517,0.351153051428414,0.339395254579842,0.363181485689693,0.4082443110942,0.425834720312073,0.390276071402082,0.408791620983661,0.400952407239806,0.419391456943712,0.473139144622011,0.445543650888144,0.482173944501054,0.497308865313681,0.493310513657084,0.479846402505988,0.469816094450421,0.488025198772198,0.462561620269569,0.468002976186611,0.467188195594014,0.461532373904802,0.443053484467251,0.426709300644285,0.435654910792623,0.456012705479534,0.392505035616909,0.394489110829104
Turkmenistan,,,,,,,,,,,,,,,,,,,,,1.48629864879971,1.05708085565846,1.0312945886066,1.00572333898999,0.979958874775315,1.19956379498364,1.3254337481941,1.34416184759657,0.749264075380325,0.728846600864556,0.646369039233431,0.697567067898559,0.705029138667493,0.7701420587888,0.807294961800699,0.789306660855166,0.809800742002449,0.834548345000851,0.90685882176771,0.896999236283821,0.92610553980453,1.09520357479112,1.10941534846876,1.1179020558735,1.08440877230468,1.11067147032078
Ukraine,,,,,,,,,,,,,,,,,,,,,1.23652181408977,1.23806412303752,1.28458945855376,1.17771449343847,1.12458375374346,1.21986842692777,1.11293448545404,0.82497834577085,0.481117440262771,0.38538320150438,0.369705856152498,0.279674426666933,0.274120422054871,0.286702048982027,0.257261530816305,0.245439970782826,0.262135279266026,0.272524560937741,0.283796593508952,0.293454312774655,0.296263972109581,0.322406688885599,0.331639159954469,0.336450403621671,0.290932890532016,0.255234906436274
United Arab Emirates,,,,0.315164383107189,0.471913684503348,0.875928786558161,0.8586242198078,0.997311594831324,1.22405729318913,1.60518598549159,2.03915629908126,2.57371194285623,3.27591060379421,3.22799494916572,3.1517815167369,5.28916739156961,5.41499222178578,5.49019472305363,5.15521096184865,4.50661058162172,5.32468495181616,6.08837700204649,6.05558346552108,7.08266899693842,6.85571063495184,7.04285314617265,8.65058969155079,8.37299134350664,8.15618012691686,8.16979999820867,7.64688174222357,7.24459303075244,6.80920964462535,5.22374003673384,4.73621678417749,4.21395679103712,4.64844543791912,4.86989394692154,4.80158684653358,4.74297452024881,4.48720421866004,4.18360238898773,3.82126414358896,3.69234606322955,4.29468144056298,4.29996445540218
United Kingdom,1.36565111188155,1.45377361376013,1.55136899479136,1.63708311663402,1.75533228105864,1.86125032100593,1.86802106554199,1.9751201368963,2.01897400843113,1.87389544262319,1.63677829792342,1.62351275808962,1.63480141605808,1.67034277554012,1.67941449050939,1.43510974928144,1.3256972508775,1.34111192448709,1.28474396297778,1.58783028693248,1.37001479274132,1.36665418880639,1.32431992313165,1.40543190327257,1.43243282605631,1.44865440867288,1.43821742336873,1.4526437763843,1.45630397222243,1.43367933758281,1.41218862079745,1.44309689563594,1.39454241928384,1.37896601263308,1.35290759061828,1.33454230829483,1.3273233628659,1.31511692177942,1.32592678181677,1.36411021824895,1.37884028077333,1.35975452699301,1.30125266969063,1.28417350469766,1.2067673371227,1.18802809420466
United States,2.75219903476972,2.85466707077832,2.92444207829583,3.08963037396653,3.21712462966256,3.3160373508815,3.40312363721924,3.63816986167587,3.80188906153603,3.60435302659069,3.49551704458485,3.7183481466642,3.87797812645754,3.94279522449307,3.81341209753099,3.4552637124929,3.21501378459635,3.01177008188149,2.98037269681287,3.02886240898724,2.98676071542559,3.07740826613998,3.10989309029875,3.20772180297414,3.1703584747104,3.08606532645084,2.99278353003644,3.02871830272616,3.02659949547025,3.07354587597543,3.03288796831832,3.10529241873576,3.11037490631671,3.12970866152985,3.18257037065123,3.17753175898994,3.13810675557826,3.11077884777155,3.13179106527571,3.22635885035036,3.20521882371548,3.15058224695338,3.11727045342193,2.90020209413082,2.70794909714809,2.73854368267782
Uzbekistan,,,,,,,,,,,,,,,,,,,,,0.627319813649535,0.627775800214242,0.58133597826104,0.700315589329704,0.653841346612684,0.614177318256158,0.52367576205773,0.394510490248819,0.34468776358894,0.303113037661773,0.294859929970985,0.284613498723544,0.29808365052437,0.293483428630828,0.283864292924738,0.269095291700184,0.260516735984058,0.249060060388459,0.280507748055552,0.253849084968571,0.211119304605846,0.195050463823747,0.204490422196669,0.205778806140868,0.176938545151565,0.182184525086117
Venezuela,1.03005408886808,1.00771722823153,0.98120280142485,1.00307520424886,0.969296451035626,0.973346448605604,0.984703998991848,1.02869945472629,1.0988629131949,1.03466765445988,0.96309310207533,1.02779805096724,1.24096502943351,1.28313223381057,1.29464677972059,1.29686392365981,1.24153072630387,1.2039184400802,1.14095734494498,1.02947152942332,0.997375461830469,1.02327449190276,0.995417479649477,1.01208700592085,0.934477906886149,0.933087876222805,0.922493440253299,0.952933267097105,0.916905520159791,0.90696755816498,0.90687917068321,0.845406033126085,0.886586711276753,0.920965194405921,0.892230174787439,0.92392472182046,0.999649707458772,1.06701386789619,0.855636607662931,0.923747005438246,0.972907264675732,1.01022591518413,1.08756770226475,1.15942451720102,1.18163053302442,1.21463677339747
